min,max,mean,std,median,p10,p25,p75,p90,skew,kurtosis,amplitude,flux_ratio,depth_proxy,duration_proxy,autocorr_lag1,var,label
0.9994992613792419,1.0009405612945557,1.0000383853912354,0.00021131335233803838,1.0000269412994385,0.9997912049293518,0.9998881816864014,1.0001717805862427,1.0003042221069336,0.4776526093482971,0.6769590377807617,0.0014412999153137207,1.0014420219914169,0.0005276799201965332,102,0.010159837808008913,4.465332992253934e-08,1
0.9994511604309082,1.0010643005371094,1.0000200271606445,0.00020484239212237298,1.0000032186508179,0.9997718930244446,0.9998827576637268,1.0001565217971802,1.0002700090408325,0.46721476316452026,1.3177776336669922,0.0016131401062011719,1.0016140259475068,0.000552058219909668,92,0.05547115034755993,4.196040848114535e-08,1
0.9994136691093445,1.0009721517562866,1.0000020265579224,0.00020857923664152622,1.0000042915344238,0.9997467994689941,0.9998624324798584,1.0001296997070312,1.0002565383911133,0.32673367857933044,1.1411705017089844,0.0015584826469421387,1.0015593969695562,0.0005906224250793457,103,-0.03511464299720437,4.350529891894439e-08,1
0.9994144439697266,1.0007412433624268,0.9999992251396179,0.00020007381681352854,1.0000001192092896,0.999759316444397,0.9998558759689331,1.0001270771026611,1.000251293182373,0.20042511820793152,0.4347078800201416,0.0013267993927001953,1.0013275767632797,0.0005856752395629883,103,0.0037569069121225424,4.002953346571303e-08,1
0.9994970560073853,1.0006535053253174,0.9999932050704956,0.00020865128317382187,0.9999893307685852,0.9997406005859375,0.9998444318771362,1.0001320838928223,1.0002429485321045,0.2665391266345978,-0.00041031837463378906,0.001156449317932129,1.0011570312398435,0.0004922747611999512,118,0.059055492282286876,4.353535842938072e-08,1
0.999412477016449,1.0005682706832886,1.0000109672546387,0.0002019126113737002,1.0000114440917969,0.9997522830963135,0.9998806715011597,1.0001540184020996,1.000279188156128,-0.03828687593340874,-0.23760056495666504,0.0011557936668395996,1.0011564731213782,0.0005989670753479004,108,0.0690090989097472,4.0768703968296904e-08,1
0.9993526935577393,1.0006917715072632,1.0000075101852417,0.00020341396157164127,1.0000160932540894,0.9997381567955017,0.999870777130127,1.0001418590545654,1.0002623796463013,-0.08397109806537628,0.05191302299499512,0.0013390779495239258,1.001339945304752,0.0006633996963500977,106,0.14641209715500467,4.1377237636197606e-08,1
0.9994224905967712,1.0008461475372314,1.0000027418136597,0.00019482753123156726,0.9999972581863403,0.9997673630714417,0.9998708963394165,1.0001351833343506,1.0002455711364746,0.18137361109256744,0.610842227935791,0.001423656940460205,1.0014244795908187,0.0005747675895690918,96,0.07126000362258607,3.795776848392052e-08,1
0.9994611740112305,1.000762701034546,1.0000042915344238,0.00019731983775272965,0.9999912977218628,0.9997606873512268,0.9998711347579956,1.000136137008667,1.0002448558807373,0.31165623664855957,0.620335578918457,0.0013015270233154297,1.0013022286979811,0.0005301237106323242,96,0.0361868142840586,3.8935116464244857e-08,1
0.999382495880127,1.0005476474761963,0.9999841451644897,0.0002085592714138329,0.9999802112579346,0.9997150897979736,0.9998396039009094,1.0001347064971924,1.000259518623352,0.06102093309164047,-0.30057859420776367,0.001165151596069336,1.0011658715265401,0.0005977153778076172,107,0.055206567250946754,4.3496967805367603e-08,1
0.99934983253479,1.0007760524749756,0.999987781047821,0.00020097248489037156,0.9999737739562988,0.99974125623703,0.9998652338981628,1.0001026391983032,1.0002391338348389,0.4921354353427887,0.9937584400177002,0.0014262199401855469,1.0014271478252696,0.0006239414215087891,94,-0.023727844833359178,4.0389938504858947e-08,1
0.9990836977958679,1.000633955001831,0.9999513030052185,0.0002061228733509779,0.9999479055404663,0.9996973276138306,0.9998092651367188,1.0001007318496704,1.0002204179763794,-0.10829457640647888,0.17181706428527832,0.0015502572059631348,1.0015516790128627,0.0008642077445983887,108,0.07903707553896622,4.248663998396296e-08,1
0.9992424249649048,1.0006643533706665,0.9999923706054688,0.00023180313291959465,0.9999806880950928,0.9996911883354187,0.999840259552002,1.000142216682434,1.0003085136413574,0.03347303718328476,-0.017165184020996094,0.0014219284057617188,1.0014230064399154,0.0007382631301879883,102,0.02298277943174115,5.3732691185359727e-08,1
0.9991636872291565,1.0012298822402954,1.0000065565109253,0.00022008243831805885,1.0,0.9997475147247314,0.9998710751533508,1.000138521194458,1.0002999305725098,0.1948760598897934,1.4597234725952148,0.002066195011138916,1.0020679244427595,0.0008363127708435059,97,0.11293141593343607,4.843627721129451e-08,1
0.9994761347770691,1.0006130933761597,1.0000497102737427,0.0002123190206475556,1.0000686645507812,0.9997535347938538,0.999894917011261,1.0002020597457886,1.000317931175232,-0.10149487853050232,-0.36830830574035645,0.0011369585990905762,1.001137554524345,0.0005925297737121582,106,0.17585760634520337,4.507936779418742e-08,1
0.9994436502456665,1.0007736682891846,0.9999562501907349,0.00019514943414833397,0.9999586343765259,0.9996961355209351,0.9998210072517395,1.0000768899917603,1.0001890659332275,0.2682933509349823,0.3578333854675293,0.0013300180435180664,1.0013307584106328,0.000514984130859375,104,0.11766154386206024,3.8083300069047255e-08,1
0.9992179274559021,1.0011792182922363,0.9999732375144958,0.00021628385002259165,0.9999804496765137,0.9997058510780334,0.9998311996459961,1.0001018047332764,1.000238299369812,0.3275514841079712,1.9306859970092773,0.0019612908363342285,1.0019628259085862,0.0007625222206115723,100,0.06776602817227176,4.6778701801031275e-08,1
0.999322235584259,1.0012551546096802,1.0000033378601074,0.0002148074854630977,0.9999972581863403,0.9997507333755493,0.9998739361763,1.00014066696167,1.0002398490905762,0.38246023654937744,2.4455809593200684,0.0019329190254211426,1.001934229977672,0.0006750226020812988,92,0.0722869407574089,4.614225801446992e-08,1
0.9995095133781433,1.000742793083191,1.000054121017456,0.00019659595272969455,1.0000524520874023,0.9998026490211487,0.9999166131019592,1.000185489654541,1.0003012418746948,0.1277581751346588,-0.021819591522216797,0.0012332797050476074,1.0012338849090885,0.0005429387092590332,106,0.0672038325725186,3.864996855895697e-08,1
0.999287486076355,1.0007433891296387,1.000038504600525,0.00020096781372558326,1.0000323057174683,0.9997947216033936,0.9999019503593445,1.0001665353775024,1.0002959966659546,0.06298374384641647,0.5126616954803467,0.0014559030532836914,1.0014569411441347,0.0007448196411132812,94,0.09191830390463715,4.038806267203654e-08,1
0.9632444381713867,1.0411385297775269,1.0004143714904785,0.010135121643543243,1.0002354383468628,0.9878576993942261,0.9935399293899536,1.0070744752883911,1.0135892629623413,0.10240468382835388,0.10128664970397949,0.07789409160614014,1.0808663808679897,0.036991000175476074,842,0.04251695795138017,0.00010272069630445912,1
0.9597214460372925,1.0437829494476318,1.0003323554992676,0.010232951492071152,1.0003074407577515,0.9872377514839172,0.9935906529426575,1.0069786310195923,1.013252854347229,0.015078905038535595,0.16703248023986816,0.08406150341033936,1.0875894810493512,0.040585994720458984,858,-0.0056728217541127226,0.0001047132900566794,1
0.9555444121360779,1.0614455938339233,0.9998941421508789,0.010357587598264217,0.9999526739120483,0.9865062832832336,0.9929497241973877,1.0068676471710205,1.0128809213638306,0.10367773473262787,0.4406304359436035,0.10590118169784546,1.1108281105020623,0.04440826177597046,912,0.004989519362101465,0.00010727962217060849,1
0.9616178870201111,1.0474764108657837,0.999623715877533,0.01017407700419426,0.99948650598526,0.9864976406097412,0.9927371740341187,1.0064853429794312,1.0127925872802734,0.08531927317380905,0.1080789566040039,0.08585852384567261,1.0892854895947635,0.037868618965148926,878,-0.0035321262240643417,0.00010351184027967975,1
0.960174560546875,1.0549298524856567,0.9985009431838989,0.01030660979449749,0.998429000377655,0.98558109998703,0.9914352893829346,1.005224585533142,1.0114679336547852,0.1444912850856781,0.4565260410308838,0.09475529193878174,1.0986854847360392,0.03825443983078003,868,0.014175914772537322,0.0001062262017512694,1
0.9636306166648865,1.0513081550598145,1.0002033710479736,0.010197518393397331,1.0001847743988037,0.9871193170547485,0.9933418035507202,1.0068581104278564,1.0131725072860718,0.13448475301265717,0.2845003604888916,0.08767753839492798,1.0909866673792277,0.036554157733917236,856,-0.0005606115394877535,0.00010398938320577145,1
0.9578136205673218,1.0434284210205078,1.0002431869506836,0.01003312598913908,1.0002353191375732,0.9874014258384705,0.9934818148612976,1.0067495107650757,1.0130923986434937,0.013018321245908737,0.09943151473999023,0.08561480045318604,1.0893856577258483,0.042421698570251465,875,0.006493326690302861,0.00010066362301586196,1
0.9649778604507446,1.0364665985107422,0.9996646046638489,0.010150022804737091,0.9994950294494629,0.9867465496063232,0.9928025603294373,1.006413459777832,1.012844204902649,0.11139290034770966,0.020646095275878906,0.07148873805999756,1.07408329350334,0.03451716899871826,855,-0.00650916651958538,0.00010302296141162515,1
0.9600563645362854,1.045180082321167,0.9991819262504578,0.009901778772473335,0.9991057515144348,0.9865251779556274,0.9925865530967712,1.0058228969573975,1.011842131614685,0.014194360934197903,0.14702892303466797,0.08512371778488159,1.0886653335463246,0.039049386978149414,857,-0.025488291613255068,9.804522414924577e-05,1
0.9606679081916809,1.0493261814117432,0.9997914433479309,0.01070407498627901,0.9994885325431824,0.9863768219947815,0.9924188852310181,1.0067030191421509,1.0135408639907837,0.16125629842281342,0.272136926651001,0.08865827322006226,1.0922881595857081,0.038820624351501465,830,0.1790275493737867,0.00011457722575869411,1
0.9573488831520081,1.0397288799285889,1.0036046504974365,0.010668187402188778,1.0034492015838623,0.9899091720581055,0.9965083599090576,1.010673999786377,1.017171859741211,-3.115257277386263e-05,0.12033605575561523,0.08237999677658081,1.08605013096725,0.04610031843185425,847,0.15282959775433005,0.00011381023068679497,1
0.9607546329498291,1.0410842895507812,0.999231219291687,0.010114625096321106,0.9992950558662415,0.9859203696250916,0.992586076259613,1.006039023399353,1.0122417211532593,0.01907947100698948,0.1069185733795166,0.08032965660095215,1.0836110010256355,0.038540422916412354,864,0.018284414399292404,0.00010230563202640042,1
0.9515269994735718,1.0516835451126099,0.9992291331291199,0.010075070895254612,0.999224841594696,0.9864959716796875,0.9926043748855591,1.005957841873169,1.0119572877883911,-0.008544216863811016,0.3560316562652588,0.10015654563903809,1.1052587532402647,0.04769784212112427,848,-0.010465054684322208,0.00010150704474654049,1
0.9646116495132446,1.0492842197418213,1.0002021789550781,0.01021940354257822,1.0002347230911255,0.9872039556503296,0.9934250116348267,1.0068784952163696,1.013076663017273,0.08683060854673386,0.40455198287963867,0.08467257022857666,1.087778921466793,0.03562307357788086,884,0.0008223331881302497,0.00010443619976285845,1
0.9660241007804871,1.0548559427261353,0.9999694228172302,0.010092862881720066,1.0000250339508057,0.9871906638145447,0.9931945204734802,1.0066637992858887,1.0128597021102905,0.027773017063736916,0.18488097190856934,0.0888318419456482,1.091956134297144,0.034000933170318604,856,0.017216411237016435,0.00010186588042415679,1
0.9640555381774902,1.0427385568618774,1.0000109672546387,0.009954210370779037,0.9999277591705322,0.987123429775238,0.9933781623840332,1.006744384765625,1.01264488697052,0.07980816811323166,0.10751819610595703,0.07868301868438721,1.0816166865584678,0.03587222099304199,885,0.023769254337900534,9.908629726851359e-05,1
0.9543462991714478,1.039697527885437,0.9993032217025757,0.010071871802210808,0.99955815076828,0.9863974452018738,0.9924265742301941,1.006055474281311,1.0119973421096802,-0.05302897468209267,0.09609436988830566,0.08535122871398926,1.0894342324039923,0.045211851596832275,878,0.011312982586099064,0.00010144259431399405,1
0.9617745876312256,1.0436830520629883,0.9998262524604797,0.01019736286252737,0.9998712539672852,0.9867162108421326,0.9928114414215088,1.0066856145858765,1.0126680135726929,0.06015276536345482,0.09464883804321289,0.0819084644317627,1.0851638892159718,0.03809666633605957,881,0.0011464535528590081,0.00010398621816420928,1
0.9644882082939148,1.0468062162399292,0.9997340440750122,0.009881909005343914,0.9998242259025574,0.9871094226837158,0.9929807782173157,1.006231665611267,1.012054443359375,0.058059319853782654,0.16648173332214355,0.0823180079460144,1.0853489003163936,0.03533601760864258,874,0.01383520991293748,9.765211871126667e-05,1
0.9666773676872253,1.0615437030792236,1.0020596981048584,0.009967150166630745,1.001960039138794,0.9892739653587341,0.9952101111412048,1.008738398551941,1.014735460281372,0.17720192670822144,0.28624486923217773,0.09486633539199829,1.0981365019633862,0.035282671451568604,891,0.09039370299951602,9.934408444678411e-05,1
0.8249144554138184,1.1430871486663818,0.9981122016906738,0.04607917368412018,0.9965097308158875,0.939416229724884,0.9688381552696228,1.0291967391967773,1.0575957298278809,-0.03812168538570404,0.03647041320800781,0.3181726932525635,1.385703864400039,0.1715952754020691,99,0.024767123219221625,0.0021232902072370052,1
0.8088786005973816,1.137305736541748,1.0012158155441284,0.046212609857320786,0.9997836351394653,0.9439466595649719,0.9720361232757568,1.0301778316497803,1.0615220069885254,-0.07909148931503296,0.48650026321411133,0.32842713594436646,1.4060277224565132,0.19090503454208374,93,-0.08320007655973652,0.0021356053184717894,1
0.8601845502853394,1.1221715211868286,1.0022367238998413,0.047623999416828156,1.0029077529907227,0.9419329166412354,0.9686930179595947,1.0348550081253052,1.0645389556884766,-0.01184061262756586,-0.27959537506103516,0.26198697090148926,1.3045706538376949,0.1427232027053833,108,-0.06941308307533993,0.0022680452093482018,1
0.8905143141746521,1.1520881652832031,1.0088247060775757,0.04858284071087837,1.0096051692962646,0.9454867839813232,0.9771191477775574,1.0386523008346558,1.0717623233795166,0.13128899037837982,-0.10192537307739258,0.261573851108551,1.2937334604789406,0.11909085512161255,102,7.944689262473137e-05,0.0023602922447025776,1
0.864108145236969,1.1756726503372192,1.0145372152328491,0.04903699457645416,1.016174554824829,0.9493438601493835,0.9800072908401489,1.0475939512252808,1.073745846748352,-0.05405912175774574,-0.0341343879699707,0.31156450510025024,1.360561935236484,0.1520664095878601,100,0.0011611690831516916,0.002404626691713929,1
0.8569846153259277,1.1768888235092163,1.0045661926269531,0.05232549458742142,1.0059354305267334,0.934844434261322,0.9684926271438599,1.0391322374343872,1.0677199363708496,0.07722535729408264,0.03834652900695801,0.3199042081832886,1.3732904914070398,0.14895081520080566,102,-0.0010465215335365705,0.0027379572857171297,1
0.8142549991607666,1.1608003377914429,0.9962387681007385,0.053828027099370956,0.998532772064209,0.9250368475914001,0.9572413563728333,1.0336718559265137,1.063226580619812,-0.0573996938765049,-0.08750414848327637,0.34654533863067627,1.4255980485079642,0.18427777290344238,108,-0.018797082691955604,0.002897456521168351,1
0.8222026228904724,1.1635029315948486,0.9999217391014099,0.05655471608042717,0.998619556427002,0.931190013885498,0.9635412693023682,1.0373077392578125,1.0738962888717651,0.003256269032135606,0.056864261627197266,0.3413003087043762,1.4151048649109474,0.17641693353652954,93,-0.04891786056175814,0.0031984359957277775,1
0.8451248407363892,1.1740480661392212,1.0096328258514404,0.05679777264595032,1.0097019672393799,0.9337493181228638,0.9725164175033569,1.0516494512557983,1.0821818113327026,-0.14423918724060059,-0.2333526611328125,0.32892322540283203,1.3892007541941718,0.16457712650299072,100,0.03367860644600026,0.00322598684579134,1
0.8653271198272705,1.154239296913147,1.0028682947158813,0.04689304530620575,1.005582571029663,0.9409459829330444,0.9719938635826111,1.03570556640625,1.0584965944290161,-0.10276173800230026,0.08885312080383301,0.28891217708587646,1.3338762538074003,0.14025545120239258,105,-0.0433116597044436,0.0021989578381180763,1
0.8926905393600464,1.1569234132766724,1.0097969770431519,0.04475485906004906,1.009497880935669,0.9537163376808167,0.9769176244735718,1.041553258895874,1.0682250261306763,0.10918304324150085,-0.2806437015533447,0.264232873916626,1.2959960504410069,0.11680734157562256,103,0.0220794489844537,0.0020029975567013025,1
0.8512213826179504,1.1306238174438477,0.9993626475334167,0.04689132049679756,0.9996166825294495,0.9421036839485168,0.9708717465400696,1.0297977924346924,1.0578504800796509,-0.10546056926250458,0.18428897857666016,0.2794024348258972,1.3282370961671437,0.14839529991149902,97,0.029182902661548,0.0021987957879900932,1
0.8303998708724976,1.1621408462524414,0.9973517656326294,0.048184528946876526,0.9954347610473633,0.9387485980987549,0.9665015935897827,1.02894926071167,1.0573736429214478,0.028051776811480522,0.3940598964691162,0.33174097537994385,1.3994954563653592,0.16503489017486572,93,0.02188620087606941,0.002321748761460185,1
0.8561736941337585,1.1406989097595215,0.9943931698799133,0.04828226938843727,0.9910497665405273,0.9346596598625183,0.9632753729820251,1.0251561403274536,1.0585235357284546,0.1266203671693802,0.03449416160583496,0.28452521562576294,1.3323218379345723,0.1348760724067688,100,0.01630827664637516,0.002331177704036236,1
0.8493660092353821,1.147792935371399,0.9992731213569641,0.04632262513041496,0.9986381530761719,0.940990149974823,0.9684724807739258,1.030706524848938,1.0563172101974487,-0.01377162430435419,0.1518840789794922,0.29842692613601685,1.3513525651970313,0.1492721438407898,102,0.0007314420667595579,0.002145785605534911,1
0.8384618163108826,1.150896430015564,1.0025465488433838,0.05087387189269066,1.0040616989135742,0.9357274770736694,0.9688639640808105,1.0359747409820557,1.0662591457366943,-0.09762359410524368,0.039719581604003906,0.3124346137046814,1.3726283148818286,0.16559988260269165,106,0.009105418345838343,0.0025881510227918625,1
0.8097813725471497,1.229296088218689,1.00208580493927,0.05323271080851555,1.0021274089813232,0.9385945796966553,0.965601921081543,1.0372302532196045,1.0693556070327759,0.1421889215707779,0.49949193000793457,0.4195147156715393,1.518059231656521,0.19234603643417358,92,-0.08682120963642304,0.0028337216936051846,1
0.8117299675941467,1.1558870077133179,0.9915616512298584,0.05911693349480629,0.9909811019897461,0.9147489666938782,0.9535815119743347,1.0321362018585205,1.06637704372406,-0.05653391778469086,-0.11956667900085449,0.34415704011917114,1.42397971475564,0.17925113439559937,108,-0.010508774819143037,0.0034948119428008795,1
0.8537899851799011,1.2556499242782593,1.001440167427063,0.060981009155511856,1.0007717609405518,0.9233271479606628,0.9585631489753723,1.0395760536193848,1.0814017057418823,0.23362132906913757,0.09819316864013672,0.40185993909835815,1.470677738171973,0.14698177576065063,103,-0.028917740610948373,0.003718683263286948,1
0.8093938827514648,1.1291941404342651,0.9614481925964355,0.05674440413713455,0.9608403444290161,0.8883054852485657,0.9232831001281738,0.9976065754890442,1.0377445220947266,0.198773592710495,-0.255277156829834,0.3198002576828003,1.395110791541526,0.15144646167755127,104,0.06110670468659765,0.003219927428290248,1
0.9125342965126038,1.1291213035583496,0.9994811415672302,0.02946712076663971,0.9993594884872437,0.9617769718170166,0.9803280830383301,1.0178813934326172,1.0359601974487305,0.16311082243919373,0.7209200859069824,0.21658700704574585,1.2373467034318248,0.08682519197463989,114,0.0034830791328819373,0.0008683112100698054,1
0.9121733903884888,1.0738146305084229,0.9956421852111816,0.028936197981238365,0.9952787160873413,0.9585942625999451,0.976526141166687,1.014577031135559,1.0332376956939697,0.03067423589527607,-0.20371270179748535,0.16164124011993408,1.1772045115798566,0.08310532569885254,125,-0.06138330789862967,0.0008373035816475749,1
0.9025902152061462,1.098334550857544,0.9966086149215698,0.029630789533257484,0.9975072145462036,0.9594955444335938,0.9755584001541138,1.0173799991607666,1.033858299255371,0.0352863110601902,-0.06334352493286133,0.1957443356513977,1.2168695520443802,0.09491699934005737,122,0.00283656414958829,0.0008779836934991181,1
0.9037857055664062,1.0858935117721558,0.9969449043273926,0.027675805613398552,0.9964678287506104,0.9613072276115417,0.9787002205848694,1.0149121284484863,1.033092737197876,0.01072785072028637,-0.04315376281738281,0.1821078062057495,1.2014944528156946,0.0926821231842041,134,0.036943241952204234,0.0007659501861780882,1
0.9199409484863281,1.0882856845855713,0.999980092048645,0.02677261456847191,1.0013442039489746,0.965523362159729,0.9817073345184326,1.0177748203277588,1.0325567722320557,0.051179978996515274,0.026114463806152344,0.16834473609924316,1.1829951546088233,0.08140325546264648,129,-0.002625274737510057,0.0007167728617787361,1
0.901361346244812,1.0957058668136597,0.997366189956665,0.030540211126208305,0.9976301193237305,0.9596553444862366,0.9761772155761719,1.0162218809127808,1.038480520248413,0.05093853920698166,0.09596538543701172,0.19434452056884766,1.2156122196481045,0.09626877307891846,117,-0.022592548347529048,0.0009327045409008861,1
0.8968580365180969,1.1026101112365723,1.0009270906448364,0.03036465495824814,0.99941086769104,0.9649624228477478,0.9809280633926392,1.0204130411148071,1.038805365562439,0.13197678327560425,0.3234386444091797,0.20575207471847534,1.2294143179195602,0.10255283117294312,113,0.021637042496424192,0.0009220122592523694,1
0.9089839458465576,1.105744481086731,1.0017426013946533,0.030356232076883316,1.0016670227050781,0.9643465280532837,0.9820888638496399,1.020588994026184,1.0403556823730469,0.0365624874830246,0.24959945678710938,0.19676053524017334,1.2164620575965461,0.09268307685852051,117,-0.05812522717868857,0.0009215007885359228,1
0.9081929326057434,1.0952744483947754,1.0011471509933472,0.0317934975028038,1.000670313835144,0.9587384462356567,0.979394793510437,1.0233500003814697,1.0433480739593506,0.05511865019798279,-0.2167966365814209,0.18708151578903198,1.2059931420653833,0.09247738122940063,123,-0.025628262459855656,0.0010108265560120344,1
0.867083728313446,1.1047978401184082,1.0013704299926758,0.03329026326537132,1.0030322074890137,0.9598137140274048,0.9807084798812866,1.0236881971359253,1.0413610935211182,-0.28872358798980713,0.6398313045501709,0.23771411180496216,1.2741535840689076,0.13594847917556763,117,0.019967655859751788,0.0011082416167482734,1
0.8884020447731018,1.0913336277008057,0.998450517654419,0.02897447533905506,0.9969382286071777,0.9622247219085693,0.9791728854179382,1.0180842876434326,1.0356736183166504,0.02261422760784626,0.21021270751953125,0.20293158292770386,1.2284231380619264,0.10853618383407593,116,-0.06599006029494284,0.0008395202457904816,1
0.9019885063171387,1.0869921445846558,0.999146580696106,0.029903965070843697,0.9995031356811523,0.9595855474472046,0.9785548448562622,1.019944429397583,1.0379239320755005,0.01761268824338913,-0.21979546546936035,0.1850036382675171,1.2051064253832853,0.09751462936401367,126,-0.03297304059515614,0.0008942471467889845,1
0.9157589077949524,1.0953055620193481,1.0054880380630493,0.029446804895997047,1.0037755966186523,0.9687098264694214,0.9849448800086975,1.0256433486938477,1.0443702936172485,0.14124856889247894,0.013116598129272461,0.17954665422439575,1.1960632353079967,0.08801668882369995,116,-0.03279278256904345,0.0008671142859384418,1
0.9165310859680176,1.0899684429168701,1.003355860710144,0.02854185923933983,1.0030702352523804,0.9670556783676147,0.9836978912353516,1.0245599746704102,1.042067289352417,-0.05487248674035072,-0.2008533477783203,0.17343735694885254,1.1892323780438634,0.08653914928436279,124,-0.06408230366256908,0.0008146377513185143,1
0.923627495765686,1.0772966146469116,1.0020192861557007,0.028755255043506622,1.0009560585021973,0.9645694494247437,0.9823535084724426,1.0222535133361816,1.0407136678695679,0.006135744508355856,-0.337479829788208,0.15366911888122559,1.1663756434122114,0.07732856273651123,123,-0.020236657703074933,0.0008268647361546755,1
0.9183968305587769,1.083540916442871,1.000551462173462,0.028505545109510422,0.9994787573814392,0.9655191898345947,0.9818732738494873,1.0191936492919922,1.0400094985961914,0.037827327847480774,-0.08223938941955566,0.16514408588409424,1.179817787245211,0.08108192682266235,120,-0.001835787860116917,0.000812566140666604,1
0.9151066541671753,1.0921376943588257,0.998984158039093,0.02846817672252655,0.9977588653564453,0.9637010097503662,0.9805095195770264,1.0184606313705444,1.0355364084243774,0.043514616787433624,-0.02345728874206543,0.1770310401916504,1.1934539972859926,0.08265221118927002,125,-0.08840920403237265,0.0008104371372610331,1
0.9216454029083252,1.103149652481079,1.0007497072219849,0.028651325032114983,1.0013483762741089,0.9634809494018555,0.9820071458816528,1.0176862478256226,1.0373269319534302,0.1293238252401352,0.2231884002685547,0.1815042495727539,1.1969350131840324,0.07970297336578369,119,-0.07141461237533073,0.0008208984509110451,1
0.9072458744049072,1.0901952981948853,1.0047610998153687,0.02897733636200428,1.0045233964920044,0.9679684042930603,0.985117495059967,1.0238656997680664,1.0423309803009033,0.034933608025312424,-0.04924941062927246,0.18294942378997803,1.201653629904882,0.09727752208709717,120,-0.020472615891873783,0.0008396860212087631,1
0.9187082052230835,1.0890601873397827,1.0021827220916748,0.02739267237484455,1.0029069185256958,0.9674018025398254,0.982574462890625,1.0213892459869385,1.0360971689224243,0.0401410236954689,-0.09171843528747559,0.17035198211669922,1.1854255585703992,0.0841987133026123,126,0.023303456997313933,0.0007503584492951632,1
0.971804141998291,1.037009835243225,1.0011283159255981,0.009759320877492428,1.0009253025054932,0.9882864952087402,0.9948209524154663,1.007598638534546,1.0131714344024658,0.2026970535516739,0.1643362045288086,0.06520569324493408,1.0670975667080957,0.02912116050720215,106,0.008493932139460515,9.524433698970824e-05,1
0.9656181931495667,1.0380994081497192,1.001464605331421,0.009957690723240376,1.001387357711792,0.9894804358482361,0.9949308037757874,1.0073895454406738,1.013939619064331,0.0866725966334343,0.5819351673126221,0.07248121500015259,1.075061981551673,0.03576916456222534,100,0.02932827197437733,9.91556080407463e-05,1
0.9675641059875488,1.0323598384857178,1.0009742975234985,0.009024018421769142,1.0006005764007568,0.9898512363433838,0.9951348900794983,1.0071310997009277,1.012434720993042,-0.05761655792593956,0.37801289558410645,0.06479573249816895,1.0669678960775781,0.03303647041320801,100,0.054373568017643356,8.143290324369445e-05,1
0.9732383489608765,1.0288561582565308,0.9994818568229675,0.00950405653566122,1.000197410583496,0.9875528216362,0.992622435092926,1.0056313276290894,1.011285662651062,-0.00206809607334435,-0.023746490478515625,0.0556178092956543,1.0571471616948072,0.02695906162261963,105,-0.0259598357968234,9.032709203893319e-05,1
0.9673275947570801,1.0243149995803833,0.9988349080085754,0.009018655866384506,0.9988711476325989,0.9871667623519897,0.9930456280708313,1.004903793334961,1.009985327720642,-0.05020199716091156,0.07734012603759766,0.05698740482330322,1.0589122083688869,0.0315435528755188,107,-0.04473263310824572,8.133615483529866e-05,1
0.9736228585243225,1.0317474603652954,1.0004634857177734,0.009233245626091957,1.0004911422729492,0.9887360334396362,0.9945621490478516,1.0063904523849487,1.0126899480819702,-0.014865236356854439,0.07652759552001953,0.0581246018409729,1.0596992986884777,0.02686828374862671,100,-0.005795744118142316,8.525282464688644e-05,1
0.9762930274009705,1.0296188592910767,1.0000746250152588,0.00889247190207243,0.9999173879623413,0.989041805267334,0.993977427482605,1.0053646564483643,1.0116209983825684,0.1368221938610077,0.02471470832824707,0.0533258318901062,1.0546207238948198,0.02362436056137085,94,0.029015421459628665,7.907605322543532e-05,1
0.9713330268859863,1.0260602235794067,1.0008107423782349,0.008657523430883884,1.0009033679962158,0.9903576970100403,0.9949915409088135,1.0060968399047852,1.012253999710083,-0.004923695232719183,0.07473540306091309,0.05472719669342041,1.0563423616603167,0.029570341110229492,99,-0.024177659213562387,7.495271711377427e-05,1
0.9711437821388245,1.024665117263794,0.9993434548377991,0.009063813835382462,0.9995492696762085,0.9875300526618958,0.9931923151016235,1.0055546760559082,1.0107572078704834,-0.05657145008444786,-0.11257576942443848,0.05352133512496948,1.055111648871494,0.028405487537384033,101,0.034235725038318746,8.215272828238085e-05,1
0.9682497978210449,1.0309804677963257,1.0005674362182617,0.009582842700183392,1.0003787279129028,0.9880160689353943,0.9935890436172485,1.0067020654678345,1.0130845308303833,0.059866320341825485,-0.11596226692199707,0.06273066997528076,1.0647876923046617,0.03212893009185791,102,0.042519594575091434,9.1830879682675e-05,1
0.9752212762832642,1.0380278825759888,1.0038138628005981,0.010730770416557789,1.0034871101379395,0.9905128479003906,0.9965399503707886,1.0105456113815308,1.0179063081741333,0.11698826402425766,0.0061037540435791016,0.06280660629272461,1.0644024159646017,0.028265833854675293,100,-0.046823623239820616,0.00011514943616930395,1
0.9688910245895386,1.0398528575897217,1.00005304813385,0.009486771188676357,1.0003669261932373,0.9875379204750061,0.9937120676040649,1.0056471824645996,1.012404203414917,0.003117942251265049,0.43483710289001465,0.0709618330001831,1.0732402625261652,0.03147590160369873,101,-0.006377359392254217,8.999882993521169e-05,1
0.9676274061203003,1.0296134948730469,1.000312328338623,0.009893689304590225,1.0005133152008057,0.9878044128417969,0.9935358166694641,1.0063011646270752,1.0128580331802368,0.07943377643823624,0.023793697357177734,0.06198608875274658,1.0640598730055402,0.03288590908050537,108,-0.05686233754245437,9.788509487407282e-05,1
0.9723333716392517,1.0359092950820923,0.9992567896842957,0.009065599180758,0.9993515014648438,0.9872749447822571,0.9930579662322998,1.0054516792297363,1.0105026960372925,0.12790611386299133,0.09603428840637207,0.06357592344284058,1.065384903261788,0.02701812982559204,104,0.03154732560483003,8.218509174184874e-05,1
0.9747320413589478,1.023620367050171,0.9979261159896851,0.009295172989368439,0.9976315498352051,0.9856469631195068,0.9913045167922974,1.0044374465942383,1.0101248025894165,0.08285090327262878,-0.44583773612976074,0.048888325691223145,1.0501556567516384,0.022899508476257324,112,-0.03624773257074112,8.640024316264316e-05,1
0.9638804793357849,1.0275847911834717,0.9975422620773315,0.010456670075654984,0.9980309009552002,0.9842763543128967,0.9913321137428284,1.0043803453445435,1.0103048086166382,-0.15005803108215332,0.37795424461364746,0.06370431184768677,1.0660915053405644,0.03415042161941528,99,-0.07036938876391945,0.00010934195597656071,1
0.9664756059646606,1.033880591392517,0.9991856813430786,0.009517530910670757,0.9987343549728394,0.9875972867012024,0.993170976638794,1.0053176879882812,1.0109503269195557,-0.01702633500099182,0.46875929832458496,0.06740498542785645,1.0697430799203442,0.03225874900817871,93,0.03972777939935336,9.058340219780803e-05,1
0.9681799411773682,1.0388721227645874,0.9993094801902771,0.009314952418208122,0.9991555213928223,0.9880207777023315,0.9931101202964783,1.0053998231887817,1.0105477571487427,0.16605888307094574,0.7837529182434082,0.07069218158721924,1.073015540376981,0.0309755802154541,96,0.004752433127925566,8.676834113430232e-05,1
0.9753711819648743,1.0286602973937988,0.9995471835136414,0.009206807240843773,0.9995194673538208,0.987609326839447,0.9939266443252563,1.0052852630615234,1.0112683773040771,0.022341623902320862,0.0037696361541748047,0.05328911542892456,1.0546347036023498,0.024148285388946533,103,-0.008897821927633495,8.476530638290569e-05,1
0.9684532880783081,1.0229430198669434,0.9997562170028687,0.009429868310689926,0.9995710849761963,0.9878239631652832,0.9934561252593994,1.006347417831421,1.0123592615127563,-0.14009630680084229,-0.09440088272094727,0.054489731788635254,1.0562646980080563,0.031117796897888184,93,0.047602456368098164,8.892241748981178e-05,1
0.9274107217788696,1.0585861206054688,1.002607822418213,0.02013392373919487,1.0028636455535889,0.9764760136604309,0.9884960055351257,1.0168695449829102,1.029711365699768,-0.09058433026075363,-0.06596589088439941,0.13117539882659912,1.1414426162498867,0.07545292377471924,150,-0.04309379627544524,0.00040537488530389965,1
0.9355269074440002,1.074352502822876,1.0011221170425415,0.02112566865980625,1.0005778074264526,0.9751867651939392,0.986764132976532,1.0153417587280273,1.028184413909912,0.1321956068277359,-0.006342887878417969,0.13882559537887573,1.1483929476258123,0.06505089998245239,138,-0.02766878011792798,0.0004462938813958317,1
0.9318476319313049,1.0668102502822876,1.000391960144043,0.021677223965525627,0.9997119307518005,0.972686767578125,0.9863752722740173,1.015697956085205,1.0280039310455322,0.08343225717544556,-0.05966949462890625,0.13496261835098267,1.1448333544307725,0.0678642988204956,153,-0.000767643143636994,0.00046990206465125084,1
0.9428567886352539,1.06708562374115,0.9992973804473877,0.022408435121178627,0.999592661857605,0.9711366295814514,0.9829092025756836,1.013960838317871,1.0281299352645874,0.10803049802780151,-0.14264965057373047,0.124228835105896,1.131757904915456,0.056735873222351074,146,0.04574040241326488,0.0005021379911340773,1
0.9229980707168579,1.0790175199508667,0.9989853501319885,0.02294645458459854,0.9977351427078247,0.970795214176178,0.9834809303283691,1.0148158073425293,1.0288383960723877,0.036714956164360046,0.14129352569580078,0.1560194492340088,1.169035509589781,0.0747370719909668,138,-0.005173540340646578,0.0005265397485345602,1
0.9167664051055908,1.0592238903045654,0.9990421533584595,0.023928064852952957,0.9991560578346252,0.9682266712188721,0.9834612607955933,1.0155028104782104,1.030076503753662,-0.1766480654478073,-0.07404351234436035,0.1424574851989746,1.1553912582372243,0.08238965272903442,145,-0.06274312231945957,0.0005725522642023861,1
0.9293670058250427,1.0748182535171509,1.002561330795288,0.022072570398449898,1.002948522567749,0.9741988778114319,0.9878330230712891,1.016990303993225,1.0305898189544678,-0.03994236886501312,-0.003281116485595703,0.14545124769210815,1.1565057149441025,0.0735815167427063,154,0.011535160391434731,0.0004871983837801963,1
0.9282916188240051,1.079991102218628,1.0012192726135254,0.024217842146754265,1.0017112493515015,0.9686462879180908,0.985525369644165,1.017813801765442,1.0318107604980469,-0.07909419387578964,0.0043146610260009766,0.1516994833946228,1.163417917730208,0.07341963052749634,150,0.02145148628506247,0.0005865038838237524,1
0.9211016893386841,1.0769121646881104,0.9976240992546082,0.026588568463921547,0.9972515106201172,0.9647035002708435,0.978765070438385,1.0143930912017822,1.0337742567062378,0.03349492326378822,-0.1033639907836914,0.15581047534942627,1.1691566492091576,0.0761498212814331,150,0.03691784853633191,0.0007069519488140941,1
0.9128975868225098,1.0873109102249146,1.0007179975509644,0.02485295943915844,1.0002765655517578,0.9697933793067932,0.983949601650238,1.017446756362915,1.0325202941894531,-0.0018411019118502736,0.07829666137695312,0.17441332340240479,1.191054643938187,0.08737897872924805,139,0.026963914159823906,0.0006176696042530239,1
0.9264089465141296,1.0847704410552979,0.9981884956359863,0.021975671872496605,0.9987995624542236,0.9700034260749817,0.9833753108978271,1.012640118598938,1.0260045528411865,-0.008078346028923988,0.13579416275024414,0.1583614945411682,1.1709412405148365,0.072390615940094,147,0.013783656209444566,0.0004829301906283945,1
0.9349855780601501,1.0641053915023804,1.0004991292953491,0.021464619785547256,1.001533031463623,0.9727671146392822,0.9865369200706482,1.0149433612823486,1.0258591175079346,-0.04784243553876877,0.08590173721313477,0.12911981344223022,1.138098187257733,0.0665474534034729,140,-0.0549474493514753,0.00046072990517131984,1
0.92866051197052,1.0698909759521484,1.0011228322982788,0.0217629112303257,1.0007954835891724,0.9734874367713928,0.986526370048523,1.0155566930770874,1.0291820764541626,-0.0141132278367877,0.19375205039978027,0.14123046398162842,1.1520797559077345,0.07213497161865234,149,0.011324066036331452,0.00047362426994368434,1
0.9324765801429749,1.0667402744293213,0.9998146891593933,0.021851833909749985,0.999577522277832,0.9713659286499023,0.9852655529975891,1.0152674913406372,1.0268402099609375,-0.0019668289460241795,-0.06281542778015137,0.13426369428634644,1.1439861302101122,0.06710094213485718,147,-0.05798888107782806,0.00047750267549417913,1
0.9375805854797363,1.0706241130828857,0.9993574023246765,0.022008949890732765,0.9990112781524658,0.9723203778266907,0.9838367700576782,1.0140562057495117,1.0272271633148193,0.09870323538780212,-0.0241696834564209,0.13304352760314941,1.1419008986145702,0.06143069267272949,147,0.001205857493900328,0.0004843938513658941,1
0.9197198152542114,1.0594449043273926,0.9993045926094055,0.023198680952191353,0.9996512532234192,0.9691659212112427,0.9842969179153442,1.01571524143219,1.0290546417236328,-0.1556617170572281,-0.0567317008972168,0.13972508907318115,1.1519213642630513,0.07993143796920776,146,0.000295224005475619,0.0005381787777878344,1
0.9207720160484314,1.0683170557022095,0.9996172189712524,0.02253492921590805,0.9987142086029053,0.9710273146629333,0.9855502843856812,1.015690803527832,1.0266884565353394,-0.07860028743743896,0.1508350372314453,0.14754503965377808,1.1602405775611857,0.07794219255447388,143,-0.022905066217317447,0.0005078230169601738,1
0.9221366047859192,1.0677716732025146,1.000872015953064,0.02409888245165348,1.0005377531051636,0.96988445520401,0.98566073179245,1.0163224935531616,1.0319881439208984,-0.1032702624797821,0.054166555404663086,0.14563506841659546,1.157932206205398,0.07840114831924438,139,0.030615399358310952,0.0005807561683468521,1
0.927053689956665,1.0715945959091187,1.0008739233016968,0.02414984442293644,1.0015928745269775,0.9690279364585876,0.9846650958061218,1.0161346197128296,1.0306874513626099,-0.009155158884823322,-0.1299142837524414,0.1445409059524536,1.1559142771539048,0.0745391845703125,151,0.015343180309337462,0.0005832149763591588,1
0.9112074375152588,1.0755783319473267,0.9948316216468811,0.023149849846959114,0.9950892925262451,0.965680718421936,0.9800839424133301,1.0093353986740112,1.0233869552612305,0.04161196947097778,0.1833937168121338,0.16437089443206787,1.180388007894542,0.08388185501098633,143,0.021432297196085803,0.000535915547516197,1
0.8406365513801575,1.1608328819274902,1.0012741088867188,0.04660370573401451,1.001216173171997,0.9425705075263977,0.9696041345596313,1.0310781002044678,1.0617940425872803,0.061424367129802704,0.3104591369628906,0.32019633054733276,1.380897463977309,0.1605796217918396,147,0.07363155870660616,0.002171905478462577,1
0.8453825116157532,1.182857871055603,0.9992769360542297,0.05020447075366974,0.9989783763885498,0.9348856806755066,0.9651403427124023,1.0348422527313232,1.0615917444229126,0.07218989729881287,0.05373787879943848,0.33747535943984985,1.3991984158683906,0.15359586477279663,145,0.034038262809250666,0.0025204888079315424,1
0.8517680764198303,1.1812204122543335,1.0007531642913818,0.050086528062820435,1.0011727809906006,0.9359455704689026,0.96854567527771,1.0338914394378662,1.0626329183578491,0.00284653645940125,0.07562041282653809,0.3294523358345032,1.3867864327802284,0.14940470457077026,154,0.05260918815804301,0.002508660312741995,1
0.8434340953826904,1.20158052444458,1.0084561109542847,0.05136064067482948,1.0091304779052734,0.9414811730384827,0.9737701416015625,1.045135498046875,1.0725620985031128,-0.04979134723544121,-0.014729738235473633,0.35814642906188965,1.4246288252070107,0.165696382522583,150,-0.021056187263836665,0.0026379155460745096,1
0.8340923190116882,1.1534433364868164,1.0021461248397827,0.05034530907869339,1.0014764070510864,0.9393424391746521,0.9683514833450317,1.0347844362258911,1.0683618783950806,0.0714133232831955,0.0007994174957275391,0.3193510174751282,1.3828725072705688,0.1673840880393982,148,-0.013941878352627009,0.0025346502661705017,1
0.8295924663543701,1.2009875774383545,0.993903398513794,0.05060604587197304,0.9951199293136597,0.9317200183868408,0.960840106010437,1.0262800455093384,1.0586473941802979,0.004212826490402222,0.37220025062561035,0.3713951110839844,1.4476838039719355,0.16552746295928955,145,0.027528735208012814,0.0025609720032662153,1
0.8243406414985657,1.1667604446411133,0.993935227394104,0.04840419813990593,0.9951995015144348,0.935006856918335,0.9611943960189819,1.0260100364685059,1.0514533519744873,-0.05057581141591072,0.43152475357055664,0.3424198031425476,1.4153862928801666,0.17085886001586914,139,0.026927486239638074,0.0023429663851857185,1
0.814609169960022,1.1993261575698853,0.9985906481742859,0.04947588965296745,0.9995327591896057,0.9352283477783203,0.9661264419555664,1.031390905380249,1.0598223209381104,0.013355642557144165,0.3047933578491211,0.3847169876098633,1.4722718596805677,0.18492358922958374,155,-0.04672582450758634,0.0024478635750710964,1
0.7637321352958679,1.2698427438735962,1.0065962076187134,0.05370521917939186,1.0058003664016724,0.942578136920929,0.9720246195793152,1.039245367050171,1.0706456899642944,0.19044214487075806,1.2982792854309082,0.5061106085777283,1.6626807818969962,0.24206823110580444,136,-0.0236827940876211,0.0028842503670603037,1
0.8647833466529846,1.14121413230896,1.0039085149765015,0.04325059801340103,1.0029672384262085,0.951332688331604,0.97617107629776,1.0322797298431396,1.0600666999816895,0.02622435800731182,0.07544350624084473,0.27643078565597534,1.3196532249676864,0.13818389177322388,140,-0.016770673501682896,0.0018706143600866199,1
0.8465058207511902,1.152147889137268,1.0035631656646729,0.04681948572397232,1.0037935972213745,0.9468966126441956,0.9722301959991455,1.0352380275726318,1.0625444650650024,0.007477497681975365,0.06294703483581543,0.3056420683860779,1.3610631621113376,0.15728777647018433,145,-0.06839954317249541,0.0021920641884207726,1
0.8213824033737183,1.1429650783538818,1.0012919902801514,0.04793127626180649,1.0036630630493164,0.9401869773864746,0.9706735610961914,1.032942295074463,1.0601719617843628,-0.1799018681049347,0.21211910247802734,0.3215826749801636,1.3915139570306179,0.18228065967559814,153,-0.04404365959135121,0.0022974072489887476,1
0.8517163991928101,1.1435800790786743,0.9960430264472961,0.04614029824733734,0.9961393475532532,0.9357173442840576,0.9656026363372803,1.0260131359100342,1.0536071062088013,0.06436985731124878,0.04990720748901367,0.29186367988586426,1.3426770696941726,0.14442294836044312,147,-0.02267472416692911,0.002128927269950509,1
0.8468801975250244,1.1455968618392944,0.9960805177688599,0.04700390249490738,0.9973013997077942,0.9353757500648499,0.9627187252044678,1.0273494720458984,1.0549734830856323,0.06166495755314827,-0.01952648162841797,0.29871666431427,1.3527259997190373,0.15042120218276978,153,-0.0051247607169404765,0.00220936699770391,1
0.8324286341667175,1.1451867818832397,0.9989014863967896,0.04598825424909592,0.9981144070625305,0.9403735399246216,0.9670411348342896,1.0306155681610107,1.0586915016174316,-0.029379181563854218,0.030721664428710938,0.3127581477165222,1.3757176710164483,0.165685772895813,148,0.017481157419466247,0.0021149194799363613,1
0.8199833035469055,1.1549475193023682,1.0012186765670776,0.04683458060026169,0.9984740018844604,0.944426417350769,0.9721770286560059,1.0322270393371582,1.0596057176589966,0.006689581088721752,0.23909211158752441,0.33496421575546265,1.4085012637532341,0.17849069833755493,145,-0.04428068966226992,0.002193477936089039,1
0.8657388687133789,1.1214289665222168,0.9989082217216492,0.04483737051486969,0.9974878430366516,0.942388117313385,0.969942569732666,1.029577374458313,1.0602390766143799,-0.06105756759643555,-0.17249035835266113,0.2556900978088379,1.295343211503063,0.1317489743232727,155,0.010996154207485951,0.002010389929637313,1
0.8092895150184631,1.1701709032058716,0.9995638728141785,0.046698570251464844,1.0005100965499878,0.9430639147758484,0.9697681665420532,1.0308544635772705,1.0583631992340088,-0.11772654205560684,0.341494083404541,0.36088138818740845,1.4459237164084293,0.19122058153152466,138,-0.013391763686178958,0.0021807565353810787,1
0.8648948073387146,1.1789612770080566,0.9946040511131287,0.046632204204797745,0.9939362406730652,0.9345021843910217,0.9645895957946777,1.0261766910552979,1.0550700426101685,0.1487620621919632,0.03409934043884277,0.31406646966934204,1.3631267837481023,0.12904143333435059,148,-0.009933255174981729,0.002174562308937311,1
0.874557375907898,1.1773048639297485,1.0038013458251953,0.0474311001598835,1.0029867887496948,0.9411543607711792,0.9730559587478638,1.034467101097107,1.0625296831130981,0.06762274354696274,0.0184173583984375,0.3027474880218506,1.3461722425101743,0.12842941284179688,151,0.009460822798853831,0.002249709330499172,1
0.9959092736244202,1.005009412765503,1.0000942945480347,0.0013259114930406213,1.0000874996185303,0.9984635710716248,0.9991922378540039,1.001009464263916,1.001807451248169,0.16994749009609222,0.2492685317993164,0.009100139141082764,1.009137518227905,0.004178225994110107,93,0.03117120325804899,1.7580414350959472e-06,1
0.9960639476776123,1.0050151348114014,1.0001758337020874,0.0013562588719651103,1.0001063346862793,0.998502790927887,0.9992473125457764,1.0010420083999634,1.0019103288650513,0.22769463062286377,0.2363901138305664,0.008951187133789062,1.0089865586990265,0.004042387008666992,92,0.013382177339097094,1.8394382550468436e-06,1
0.9952311515808105,1.004204273223877,1.0001081228256226,0.0013669683830812573,1.0000979900360107,0.9983960390090942,0.9992355108261108,1.0009394884109497,1.0018105506896973,-0.021219050511717796,0.4460616111755371,0.008973121643066406,1.0090161181438237,0.004866838455200195,86,0.022227477334946802,1.8686026805880829e-06,1
0.9960770010948181,1.0047539472579956,1.000049114227295,0.0012089265510439873,1.0000581741333008,0.9984845519065857,0.9993112683296204,1.0007596015930176,1.0015405416488647,0.17985638976097107,0.46860837936401367,0.00867694616317749,1.0087111198769176,0.003981173038482666,90,-0.02678294528229988,1.461503529753827e-06,1
0.9965894818305969,1.0062530040740967,1.0002379417419434,0.0013379155425354838,1.0002672672271729,0.9985855221748352,0.9993177652359009,1.0010906457901,1.0018610954284668,0.3441905677318573,0.6601076126098633,0.009663522243499756,1.00969659264891,0.0036777853965759277,92,-0.03468944559316985,1.7900179045682307e-06,1
0.9959917664527893,1.0046197175979614,1.0000419616699219,0.0013043470680713654,1.0000255107879639,0.9984216094017029,0.9991138577461243,1.0008313655853271,1.001779556274414,0.19126182794570923,0.25081539154052734,0.00862795114517212,1.00866267316235,0.0040337443351745605,83,0.030465098570352973,1.7013212527672295e-06,1
0.996193528175354,1.00477933883667,0.9999756813049316,0.0013062874786555767,1.0000267028808594,0.9982207417488098,0.9990858435630798,1.0008536577224731,1.0015531778335571,-0.02184188738465309,0.20196866989135742,0.008585810661315918,1.0086186171847973,0.003833174705505371,94,-0.04159738155723661,1.706387024569267e-06,1
0.9964936971664429,1.0053467750549316,1.000036597251892,0.0013796398416161537,0.9999857544898987,0.9982764720916748,0.9991644620895386,1.0009703636169434,1.001768708229065,0.2863197922706604,0.4353322982788086,0.00885307788848877,1.0088842286847,0.0034920573234558105,91,-0.047582128377848164,1.9034062006539898e-06,1
0.9950822591781616,1.0035362243652344,0.9999809265136719,0.0013042869977653027,0.99995356798172,0.9983385801315308,0.9991524815559387,1.0008021593093872,1.001576542854309,-0.011437074281275272,0.3220798969268799,0.008453965187072754,1.008495745059363,0.00487130880355835,78,-0.01959160824071366,1.701164592304849e-06,1
0.9965116381645203,1.005281925201416,1.0000704526901245,0.0014395674224942923,1.0000897645950317,0.998271644115448,0.9991645812988281,1.0009368658065796,1.0019947290420532,0.17865213751792908,0.09566593170166016,0.008770287036895752,1.008800988067786,0.0035781264305114746,94,-0.00786710266112966,2.07235439120268e-06,1
0.9957408905029297,1.0043039321899414,1.0000020265579224,0.0014496363000944257,1.0000333786010742,0.9980472922325134,0.9990403652191162,1.0009539127349854,1.0018501281738281,0.11975044012069702,-0.0485384464263916,0.008563041687011719,1.0085996686172913,0.004292488098144531,96,-0.006203286393209394,2.1014454887335887e-06,1
0.9958299398422241,1.0044687986373901,1.000129222869873,0.0013834831770509481,1.0000970363616943,0.9983710646629333,0.9991306066513062,1.0011091232299805,1.001906394958496,0.0965021401643753,-0.20471429824829102,0.008638858795166016,1.0086750342096913,0.004267096519470215,92,0.01205217715376642,1.914025688165566e-06,1
0.996024489402771,1.004693627357483,0.9999414086341858,0.0012815064983442426,0.9999271631240845,0.9982379674911499,0.9990714192390442,1.0008904933929443,1.0014803409576416,-0.009442677721381187,0.019655466079711914,0.008669137954711914,1.0087037397643808,0.0039026737213134766,84,0.009662572590541233,1.6422587805209332e-06,1
0.996304988861084,1.0056852102279663,1.0001561641693115,0.0013985433615744114,1.0001634359359741,0.9983733296394348,0.9992485642433167,1.0010111331939697,1.001866340637207,0.2680877447128296,0.5755560398101807,0.009380221366882324,1.0094150099334596,0.0038584470748901367,86,-0.039760906039108555,1.9559233805921394e-06,1
0.996202290058136,1.0062873363494873,1.0000879764556885,0.0013483382062986493,1.0001193284988403,0.9983632564544678,0.9991938471794128,1.0009125471115112,1.0017074346542358,0.1830328404903412,0.7343189716339111,0.010085046291351318,1.0101234923790054,0.003917038440704346,87,0.012397997684654877,1.8180157894676086e-06,1
0.9951493740081787,1.0035701990127563,1.0001083612442017,0.0013506782706826925,1.0000176429748535,0.9985467791557312,0.9991086721420288,1.0010217428207397,1.001844048500061,0.014081135392189026,0.09186005592346191,0.008420825004577637,1.008461870372948,0.004868268966674805,79,0.026769111516652806,1.8243317754240707e-06,1
0.9890369772911072,1.0039262771606445,0.9992386102676392,0.0028016874566674232,0.999868631362915,0.9945272207260132,0.9987779855728149,1.0009130239486694,1.0017632246017456,-1.5634175539016724,2.130190372467041,0.014889299869537354,1.0150543409512534,0.010831654071807861,69,0.7940103382977838,7.84945223131217e-06,1
0.9872874021530151,1.003182053565979,0.9949718117713928,0.00440359627828002,0.9928812980651855,0.990027129650116,0.9911363124847412,0.9996012449264526,1.000901222229004,0.23865987360477448,-1.5784071683883667,0.015894651412963867,1.0160993155369975,0.00559389591217041,93,0.9182164864196062,1.9391660316614434e-05,1
0.9959686398506165,1.005899429321289,1.000122308731079,0.0012929816730320454,1.0001070499420166,0.9985263347625732,0.9992278814315796,1.0009737014770508,1.0018028020858765,0.15618160367012024,0.49538493156433105,0.009930789470672607,1.0099709861067132,0.0041384100914001465,81,-0.016196448097177057,1.67180155585811e-06,1
0.9963192939758301,1.0039676427841187,1.000040888786316,0.001293407753109932,1.0000479221343994,0.9983054995536804,0.9991525411605835,1.0008981227874756,1.0016398429870605,0.023941872641444206,-0.03629446029663086,0.007648348808288574,1.00767660413136,0.003728628158569336,88,-0.03392876740574544,1.6729037497498211e-06,1
0.9664953794981216,1.0232677619588006,1.0000183659693263,0.009683766720876551,0.9991532308697308,0.9887710663708981,0.9925659763631647,1.007376275316623,1.0131906822239518,0.06420403036918985,-0.22612149008850135,0.05677238246067906,1.058740459256163,0.03265785137160926,30,0.1331858566599313,9.37753379043562e-05,0
0.9754013214566257,1.0289511442204697,0.9999500434669022,0.00963833012444118,0.9996728183407573,0.9871180456014276,0.9939238839170844,1.00531975836602,1.0124731455902582,0.156332490285807,0.22619386559225818,0.05354982276384401,1.0549002975348392,0.02427149688413155,33,0.03054047771379016,9.289740758771033e-05,0
0.9726777061891617,1.02743914221679,0.9993749163471634,0.010499891130447988,0.998474748939611,0.9869186487004845,0.991734073395258,1.006191970238464,1.013057589420526,0.3060520751912651,-0.34199238268594545,0.054761436027628174,1.0562996722132936,0.02579704275044925,34,-0.02468171773613752,0.00011024771375126034,0
0.9749878467784553,1.026092067586018,1.00019515131633,0.010180996251741002,1.000339845544212,0.9868507740390889,0.9930972181131386,1.0070414793515399,1.0135152222818953,-0.05567629968968125,-0.2937111228298672,0.051104220807562606,1.052415238791356,0.025351998765756778,31,-0.03158591532038178,0.00010365268467796432,0
0.9754184363418028,1.0272477827266158,1.0002552734684613,0.00995587344030362,0.9997113510196455,0.988444755405452,0.9934155029027861,1.005832171653316,1.0134845330604496,0.33707759653547037,0.13651212542940883,0.05182934638481296,1.0531355000620997,0.02429291467784267,30,0.09951296714237282,9.911941595934306e-05,0
0.9726727518832888,1.0246079497808276,1.0006355607255595,0.009356325801985236,1.0008377420882915,0.9886347214655493,0.9941313527688656,1.0068824736185569,1.0129356852561224,-0.0683610201717005,-0.3489881526960663,0.051935197897538754,1.0533943176643756,0.028164990205002627,35,0.05634378720136594,8.754083251289465e-05,0
0.9711999098098546,1.0264524874183831,0.9989487733870794,0.009712739650397973,0.9996238842172838,0.9869565549429132,0.992684400378007,1.0052479521078301,1.010460522706056,-0.1655083198759025,0.09683304435637519,0.05525257760852853,1.0568910448306632,0.028423974407429164,33,0.08415491802498494,9.433731151641295e-05,0
0.9664619440172589,1.028134178997904,0.9999644082419249,0.009680575923374062,1.0004628406359712,0.9884323570687454,0.9930112501217168,1.005960563356894,1.0129587152865358,-0.13275826558338352,0.01351809091130729,0.061672234980645,1.063812378089399,0.034000896618712306,36,0.0646702497259762,9.371355020820958e-05,0
0.9727481790447404,1.0221641472673473,0.9991578655406828,0.009424193586734714,0.9992380021818721,0.987519408484286,0.992891187599528,1.0057104268651138,1.0119564846264462,-0.04594754856329873,-0.19462988194159125,0.049415968222606854,1.0508003708330087,0.026489823137131663,35,-0.07546206414747278,8.88154247602517e-05,0
0.972543470569219,1.0242444246364883,0.9996867734670734,0.009788177191063285,0.999402151522068,0.9862355335743539,0.9935435916996881,1.005612146227718,1.012609073219907,0.020790485896498,-0.20321343871502773,0.05170095406726938,1.0531605585064587,0.026858680952849046,34,-0.06842417073657586,9.580841272365155e-05,0
0.9723842706336671,1.03235326796591,1.0005405613124,0.010618943726450551,1.0000513176672274,0.988165175908991,0.9939766132929406,1.0072092464976832,1.0135062715418708,0.14244824315531268,0.2601708063569501,0.059968997332242924,1.0616721178481872,0.027667047033560377,30,-0.0297833681803372,0.00011276196586552353,0
0.9710115338387814,1.0319847647211342,0.9989512735214724,0.010513506623592196,0.9997626540170568,0.9841694760851496,0.9923076676592995,1.005504181410545,1.0107758838271959,-0.06955139442299046,0.09930841255106237,0.06097323088235285,1.0627935186735653,0.028751120178275413,31,0.0009199649042972343,0.00011053382152431698,0
0.9780577610842857,1.031890035173384,1.0005957855324328,0.009768724753671012,0.9996883882433789,0.9884331395712014,0.9940802589700318,1.006478953497964,1.0120238655327543,0.2990994878883674,0.23352918347003415,0.0538322740890983,1.05503997435634,0.021630627159093252,29,0.07719012335831112,9.542798331298477e-05,0
0.969330225798336,1.027888328781832,0.9998014650557319,0.010495909416414283,1.0007444507354701,0.9862659738197874,0.9926736523245647,1.0063136960079024,1.0118632781709607,-0.06605813336617124,0.09325648847582757,0.05855810298349584,1.0604108913814874,0.03141422493713408,29,0.08590038188613927,0.000110164114477574,0
0.9687828105425568,1.0252112364414894,0.9999017223837511,0.009228341740237171,0.999694574137376,0.9881761938429153,0.9941455810029468,1.0059801912787223,1.01132848248918,-0.023158920697150354,0.22216061563685452,0.0564284258989326,1.0582467249468748,0.030911763594819175,30,0.047022583468439544,8.516229127460361e-05,0
0.975718131132245,1.021577339576094,0.9985580972795668,0.009235701703853558,0.998251326561129,0.9868965267707546,0.9926869550557055,1.0049411069484253,1.0099542370129653,0.05777957266080054,-0.16398907537085838,0.04585920844384905,1.0470004676357023,0.02253319542888399,32,0.0890954681278799,8.529818596256351e-05,0
0.9759635381085799,1.0243501728246076,1.0002366085494663,0.01053811616794072,1.0000738212829265,0.9871182326851949,0.9925253523789697,1.0085201912144581,1.013410871049299,0.04827701908958083,-0.6730490593635161,0.048386634716027666,1.049578322167446,0.024110283174346603,37,0.006652129681458177,0.00011105189236901361,0
0.9705395743506715,1.025689379137447,0.9997627683653425,0.010310209659700266,1.0002039783421068,0.9857757709293211,0.9933253208692094,1.0051834504841617,1.013773945741135,-0.10744676441578634,-0.009928504879130884,0.05514980478677556,1.0568238598860566,0.02966440399143533,30,0.05864695026693286,0.00010630042322697667,0
0.9785317367075587,1.0271226037052295,0.9994533703445492,0.009957936210465992,0.9983883988860273,0.9864402082088266,0.9926449518010707,1.0058581640834618,1.012776185009934,0.28996696584045994,-0.3237852184116341,0.04859086699767079,1.049656914717108,0.019856662178468598,37,-0.024159698843902906,9.916049357170982e-05,0
0.9672534224930768,1.0262861188498391,1.0006360439065507,0.009904509597246435,0.9996845175253736,0.9891185249089519,0.9932239327784972,1.0072435106968385,1.0137850109647184,0.10781929257120292,0.13370882554872798,0.05903269635676234,1.0610312612847692,0.0324310950322968,26,0.058745104216890366,9.809931036194674e-05,0
0.9758396141457797,1.0240301155988436,1.0002291834516024,0.009726517754141531,1.000068257149482,0.9874410504748768,0.9939234066136537,1.0069232036999254,1.0129742028455646,0.024725092537222243,-0.3967369049606213,0.048190501453063916,1.049383628984204,0.02422864300370242,32,0.014242642541882363,9.460514762163041e-05,0
0.9756499742930089,1.0240585917196425,0.9998904529139512,0.009991089662555333,1.0000040043221212,0.9867022386530213,0.9930143314250874,1.0071201903905869,1.0119585364787569,0.02662501052878752,-0.3766698338367358,0.048408617426633604,1.0496167874772018,0.024354030029112295,30,-0.08751477608898534,9.982187264522005e-05,0
0.9720998198947476,1.0348166194899733,1.000560957259296,0.010346723056126172,1.0012600253051667,0.9877125778777379,0.9924314353526361,1.008231923343077,1.0130565768462982,-0.008190417574644901,0.006472484483313945,0.06271679959522569,1.0645168307942041,0.029160205410419082,32,-0.08965103030642801,0.00010705467800017291,0
0.973645358705892,1.0264659870105537,1.0013475825703946,0.010886833065595633,1.0015263600006632,0.9876076569035325,0.9930816766328266,1.0086893577040532,1.0158988570499925,0.014982765595807617,-0.3620966466469726,0.05282062830466172,1.0542503775449283,0.027881001294771224,38,-0.07426570811032739,0.00011852313419814643,0
0.9636265091974768,1.029955771944309,0.9995736101234676,0.01012585517633386,1.000330286552668,0.9871536655263629,0.9930895127030998,1.0057556072717766,1.0125480274643073,-0.19108390667243041,0.6589442130680792,0.06632926274683226,1.0688329577006679,0.03670377735519115,31,-0.03888400685296819,0.00010253294305208723,0
0.9596386134303732,1.0330896652630819,0.9992893848003029,0.01020711367275103,0.9996269937932099,0.9864984375609657,0.9935170337309331,1.004778071366258,1.012070551532775,-0.0843388585523063,1.2183849326330813,0.07345105183270872,1.076540325498311,0.039988380362836695,27,0.06751024659023988,0.00010418516952846103,0
0.9762654618282163,1.0281252457910783,1.0006862804165537,0.010520632140788754,1.001546238186417,0.9872255993582953,0.9914321849670141,1.0081096772755724,1.0142015548873986,0.03879791382550881,-0.6523414651588268,0.05185978396286206,1.0531205763089746,0.025280776358200807,38,0.11789966866888138,0.00011068370064179736,0
0.9756884284569802,1.0262184913411694,1.0015756080595306,0.01028998406939884,1.0007625822861752,0.9884933524028279,0.9942659160819509,1.0088686884501905,1.0156584667093655,0.057153988404020625,-0.3729471852384685,0.05053006288418915,1.0517891382232551,0.02507415382919498,28,-0.07980181457452604,0.0001058837721484819,0
0.970218362085861,1.0270643827254742,1.000738146979169,0.01056679374327026,0.9999060085929243,0.9877474785651664,0.9937075990593943,1.0079625770260396,1.0148826741090815,0.05884713207237668,-0.08843439386743368,0.05684602063961319,1.0585909552540322,0.029687646507063348,33,-0.05886911043575623,0.00011165713001281549,0
0.9738027834493016,1.033010503143493,1.0009524876235012,0.009988633862954583,1.0013735073483339,0.9887147308126059,0.9938300599056041,1.0068167497581235,1.013272145239079,0.1544686452362019,0.27259487215232836,0.059207719694191474,1.060800524192868,0.027570723899032257,31,-0.010278240637538447,9.9772806448163e-05,0
0.9701309340099922,1.0262445873648118,1.0008178310801557,0.009712679803354987,1.0010311142488992,0.9893648126456154,0.9944208746747049,1.006707201262433,1.012271248164453,-0.16247426588151107,0.5167058814535523,0.05611365335481966,1.0578413195452663,0.03090018023890706,31,0.004311760606177025,9.433614896249987e-05,0
0.9725835536038311,1.0262456531150732,0.9997570077760184,0.010312826167057029,0.9994302163363636,0.9872945602419788,0.9928279155328034,1.0059824737537704,1.0129407874495984,0.014185150992937521,-0.04765453742018089,0.05366209951124212,1.0551747963580111,0.026846662732532556,33,-0.11072721831705933,0.00010635438355193615,0
0.965751397232514,1.030666744518771,0.9988693172744553,0.010071168898490518,0.9983636263631448,0.9861247261026278,0.99197191088447,1.005850682820933,1.0119527566745607,0.08350393776933658,0.2248167760069908,0.06491534728625692,1.0672174510668897,0.03261222913063078,31,-0.09561838794825518,0.00010142844298192271,0
0.9714384066793307,1.0282296448808792,0.9990571504036916,0.00902651280112863,0.9994853140547828,0.9873446291836837,0.9929258848639434,1.0047247738211715,1.009608488978751,0.06489855344569624,0.48076095776730066,0.05679123820154852,1.0584609768473927,0.028046907375452124,30,-0.008942968926296676,8.147793334893901e-05,0
0.9697354245988383,1.0249849474918185,0.9996083736520025,0.009830200570325865,0.9995008639475635,0.987299537582943,0.9931432703260099,1.0062216132910768,1.011372696220057,-0.14719569328603088,0.2460402743022887,0.05524952289298013,1.0569738110947486,0.02976543934872522,30,0.015325797641789318,9.663284325283496e-05,0
0.9767869270614552,1.0241792055258163,1.0003505817881975,0.010065262909806106,1.0007466238554463,0.9867349142352976,0.9936443147816906,1.0076811700166606,1.0138754619096355,-0.017597903861243692,-0.4814174387422945,0.047392278464361115,1.048518542940511,0.023959696793991125,32,0.026367335876387066,0.00010130951744351847,0
0.9593130898480933,1.026338512513279,0.9998141402071573,0.010953381462197823,0.999969801875618,0.9875141474015392,0.9919486307929468,1.007122895638052,1.0126443767193165,-0.22178443264017472,0.5148619840397668,0.06702542266518563,1.0698681414592175,0.040656712027524744,26,0.024446363672850614,0.00011997656545641892,0
0.9702114672867707,1.0201262160760098,0.9999530322400133,0.00929500854562513,1.0005149786103198,0.9877744775291646,0.9925733254752419,1.0062108776493988,1.0124356725845503,-0.18136492928503245,-0.3534029412572828,0.04991474878923918,1.0514472880111667,0.030303511323549137,36,0.02277260270957299,8.63971838632442e-05,0
0.9707996272907476,1.0271770963900744,1.0001783910221513,0.009373723751532918,1.0009942829357175,0.9881718279496997,0.9931435420135616,1.0066335599619847,1.0110221851567913,-0.20937338748850795,0.08582026338483262,0.05637746909932673,1.0580732290314756,0.030194655644969814,37,0.041664855574954016,8.786669697005237e-05,0
0.9708277947159524,1.0254291102861244,1.0012634375717049,0.009930724947688098,1.0009307728338261,0.9881293306842088,0.9947335654006972,1.0079828568478333,1.0145819443137973,-0.07230304428741621,-0.20840564320401667,0.054601315570172004,1.0562420193028645,0.03010297811787377,31,-0.08400520495041772,9.861929798663477e-05,0
0.9780703238194501,1.0260002556636252,1.0008248677808007,0.009402536910928048,1.001047754829162,0.9883159299714315,0.9935808355283321,1.006582873418668,1.0133669718071814,0.1486037962658414,-0.3642469420129557,0.047929931844175044,1.0490045865587707,0.022977431009711946,34,0.009069508741210744,8.840770036136437e-05,0
0.9724952642062807,1.0378376719166664,1.0004160725394324,0.009449845929931961,1.000118311749135,0.988476762693127,0.9942957335646856,1.0060275273940782,1.0111375271014609,0.35732448286806373,0.9985955121465233,0.06534240771038569,1.0671904636612457,0.027623047542854273,29,-0.05638856868571132,8.929958809945165e-05,0
0.9739926477649192,1.0287677088209841,1.0007957798841864,0.009942519866122887,1.0002462148952362,0.9880180785130619,0.9939009357291734,1.0075276431892701,1.0135827619271254,0.21502687937686615,-0.1956723113677783,0.05477506105606489,1.0562376535200348,0.026253567130317013,32,-0.0920648439651579,9.885370128824827e-05,0
0.9746671221444345,1.0264966559381468,0.9997712262186806,0.010179085039183246,0.9993526612960957,0.9872081321143578,0.9930957890355651,1.0067832193851711,1.0131968978668826,0.0023365298288090587,-0.23769456011963852,0.051829533793712246,1.0531766514086147,0.024685539151661162,30,0.14313126370783033,0.00010361377223492417,0
0.9703458276867709,1.0233524314551605,1.0012228426236716,0.00984333883875153,1.0013625919079234,0.9883835928136401,0.9946089172514472,1.007861838997539,1.014682376817279,-0.19197898853862608,-0.17758264204108754,0.053006603768389615,1.05462650763878,0.031016764221152515,33,-0.022679875359856504,9.689131949447434e-05,0
0.97596721301603,1.0262840567865898,0.9995925882863077,0.010123625845888409,0.9989625184871614,0.9861495314982164,0.9933482965346525,1.0062001776900824,1.0127425773244858,0.014290781487813918,-0.281632239226572,0.050316843770559894,1.0515558751354626,0.02299530547113149,34,0.10770976915801783,0.0001024878002675398,0
0.9751717498143269,1.0261726515515601,1.0008740362604052,0.009233470134114472,1.0013418113583241,0.9878969136751287,0.995291997015491,1.0066425425504266,1.0127713726965615,-0.09588601244849267,0.15955404568184406,0.05100090173723326,1.05229940443511,0.02617006154399726,30,0.08830707138289928,8.525697071758394e-05,0
0.9675583613508784,1.0293163055654198,1.0004261056745247,0.010301795182650916,1.0009449038121745,0.9871547064303559,0.9934092599106941,1.0071624990325998,1.0142538711457627,-0.14197545159423233,0.078089043571691,0.061757944214541394,1.0638286502204546,0.03338654246129613,33,0.023477644248745672,0.00010612698398528963,0
0.9695273046681077,1.0312292080158618,1.001502785758431,0.010662806180212847,1.0012963309972778,0.9869825728742282,0.9945941384424899,1.0089045474322071,1.0154190653459803,-0.05140940954789703,-0.041020025803254256,0.06170190334775416,1.0636412229451095,0.031769026329170114,29,0.06063826742496928,0.00011369543563678527,0
0.9675904477187246,1.0246556859130396,1.0000743936256655,0.009867362720427581,1.0009302156186646,0.9877786878265195,0.9937163565478202,1.0065840743739471,1.0115685983827265,-0.1984117593954949,0.3365100004702142,0.05706523819431497,1.0589766448489202,0.033339767899939976,31,0.03884671437621821,9.7364847056484e-05,0
0.9745432342495831,1.0195343769446563,0.9987009743959863,0.009371677804853708,0.9992362025634589,0.9856515907634948,0.9922561226867311,1.0060326290267498,1.0109543384121167,-0.09707725330215507,-0.503761802603194,0.044991142695073205,1.0461663896622475,0.024692968313875796,34,0.0369714482082273,8.782834487798763e-05,0
0.9745219647940828,1.0232067190087062,1.0000676594048707,0.009444378561082021,1.0001636633654736,0.9887181413855575,0.993035193806274,1.0066819667562705,1.0120675783229154,-0.02860117850029581,-0.3144136430556119,0.04868475421462337,1.0499575750710868,0.02564169857139076,34,0.0130971610655331,8.91962864050257e-05,0
0.9754884792361864,1.030069819647614,1.000427169957336,0.009792873686951413,1.0014668246638836,0.9874808110566442,0.9929540290909575,1.0072787421983973,1.01165028961181,0.00812327916822606,-0.24386332007972644,0.05458134041142748,1.05595282934983,0.02597834542769717,33,0.06846245695847905,9.590037504858535e-05,0
0.9771440192367888,1.026534140394962,0.9999697100950342,0.009542329593755889,1.0001269345731556,0.987895481944397,0.9927274982225296,1.0059892871982012,1.0132857872679044,0.10718744050657722,-0.41106986101442367,0.049390121158173095,1.0505453855172238,0.02298291533636676,35,0.173631592584344,9.105605407586942e-05,0
0.9718366001416499,1.028519031808019,1.0004687300893027,0.009846758938580651,0.9998329621086308,0.9878885100877514,0.9944558744757618,1.007575834873209,1.0125595519300126,-0.18781829089611038,0.04775797033305684,0.056682431666369215,1.0583250637587713,0.027996361966980965,30,-0.06567198650910572,9.695866159451797e-05,0
0.9723198881265813,1.0342378130046639,0.999630047421934,0.010570628771427943,0.9994968763564855,0.9868235957163788,0.9916244844500601,1.006903212542823,1.012003593865099,0.18279226701794107,0.16313118344096678,0.061917924878082564,1.06368061132369,0.02717698822990422,29,0.014163546446836454,0.0001117381926233402,0
0.9688189421447514,1.0243519683719093,0.999907284585199,0.010510071377417269,1.0004815944554166,0.9871254777269101,0.9922905850936921,1.0073403512028247,1.0135917215186032,-0.07024085982748048,-0.19385976129112414,0.055533026227157944,1.0573203349061489,0.03166265231066523,34,0.08167262406537525,0.00011046160035840573,0
0.9735244530151755,1.0282315557254,0.9997655822402841,0.009536286591952905,0.9994230046027379,0.9887899812677393,0.9931781438761389,1.0058741490579037,1.0127823980558934,0.18315011109606052,-0.0565117992369526,0.0547071027102245,1.0561948932466843,0.02589855158756238,33,-0.013877074959916354,9.094076196386073e-05,0
0.9710926738781243,1.027950736937499,1.0010962994494692,0.01150738082000972,1.0010135416833195,0.9868677387111496,0.9930494345100559,1.008845106567442,1.015682083439964,-0.08256133002568915,-0.44951708271891233,0.056858063059374686,1.058550604477643,0.029920867805195206,36,-0.04089618499084801,0.00013241981333672755,0
0.9758598748698445,1.0321558764669003,0.9996409692217231,0.010539517262059333,0.9996047188123873,0.9864085868032123,0.9930709288155729,1.006926538595009,1.0122744226831086,0.07375676483184264,-0.22098443038190885,0.056296001597055834,1.0576886119070776,0.023744843942542837,33,0.04674492227210711,0.00011108142411724664,0
0.9702598893381911,1.036168865220247,0.9999531909407487,0.01076577530342831,1.0000534756524795,0.9864104660149271,0.9939957145122249,1.0066829906931174,1.0123434673674159,-0.11251318509185891,0.5024607179055542,0.06590897588205591,1.0679291977400118,0.02979358631428841,30,0.006994046260460528,0.00011590191788390693,0
0.9700691032319869,1.0271971442359589,0.9993323668582076,0.010580197970408513,0.9996750379090431,0.9851147841946396,0.9922299063805604,1.0063236202451804,1.0135112001680822,-0.1112563161433092,-0.31764064075319487,0.05712804100397195,1.0588906922338193,0.02960593467705619,37,0.01179452438829035,0.00011194058909303643,0
0.9758274631976528,1.022890592870157,1.0007203647014242,0.009821367755436709,1.0003947769670571,0.9876119802172049,0.9943721529638341,1.0073043449221495,1.0133856973565067,-0.11987487005115588,-0.4776464547741939,0.047063129672504256,1.0482289456358247,0.024567313769404353,32,0.05065335259256546,9.64592645875319e-05,0
0.9708888168418458,1.0314094587473956,0.9994516458397587,0.010078123968013936,1.0000318385434308,0.9872635870259444,0.9929276774193359,1.005709252554586,1.012052224661141,0.052987266947089,0.3507743252389086,0.06052064190554984,1.0623352961283603,0.029143021701585003,30,0.025797407412493693,0.00010156858271465698,0
0.9726937223527018,1.025532957811384,0.9999615582929383,0.010252743965008405,1.0000152321155664,0.9864145648975708,0.9929749434776548,1.0075834523227447,1.012580653109362,-0.05278548499106934,-0.4564164788786642,0.0528392354586823,1.054322582992391,0.027321509762864626,33,-0.035283171251882295,0.00010511875881201628,0
0.9758048572184936,1.0335194941605683,1.0006188092217587,0.00988995611179286,1.0005353600830629,0.9883563464778049,0.9942076334742809,1.0059089088568463,1.0132086926086459,0.22060617534656063,0.3627035077051346,0.05771463694207468,1.0591456749934498,0.024730502864569237,31,0.08710197181040248,9.781123189318893e-05,0
0.973508683116385,1.027929683343153,0.9992538058981707,0.009623688338070398,0.9989741793427014,0.9869388891952209,0.9933867623580075,1.0063168599925907,1.0110752161806564,0.023375451979538157,0.15039162698315778,0.05442100022676799,1.0559019155869838,0.02546549622631633,29,0.0735036696534477,9.261537722831217e-05,0
0.9601797419554448,1.0305010794655327,1.000582391736896,0.010439341467023825,1.0017218899688358,0.9872974638512707,0.9935172469434042,1.0076356558273023,1.0136315282495603,-0.4173105777860187,0.7481783229737458,0.07032133751008796,1.0732376808605395,0.04154214801339107,30,-0.0327734544101985,0.00010897985026512316,0
0.9708979174327871,1.0289154363079778,1.0007442880141928,0.009532082735550212,1.0001033608925531,0.9902104572182162,0.9951022875546884,1.0061257380274609,1.0134067444118309,0.11245914279256049,0.4780545002656402,0.05801751887519069,1.0597565591948106,0.029205443459766056,25,-0.013916384732421065,9.086060127737441e-05,0
0.9749543159056407,1.027840111994069,1.000456029015231,0.009280883751552794,1.0009626863869734,0.9871806624642898,0.99438497719989,1.0070340728175786,1.0119155547787198,-0.18103221734124442,-0.19003923795652655,0.05288579608842825,1.054244383788693,0.026008370481332643,34,0.10521468379921561,8.613480320983668e-05,0
0.976685100316424,1.027113831829286,0.9988929370815223,0.00992023564940624,0.9992790487293057,0.985262538753612,0.9935153544506944,1.0052715820194438,1.0112795182425107,0.04520173659472914,-0.04281939413877778,0.05042873151286209,1.0516325389795793,0.02259394841288176,30,-0.06269751088676084,9.841107533975043e-05,0
0.9788812724884196,1.0241579296080863,1.0000096644770233,0.009017296765465938,0.9996874582281516,0.9892775584500803,0.9936361146924032,1.0060365996597802,1.0120757452856752,0.07992118522703917,-0.17237147867530478,0.04527665711966666,1.0462534715824818,0.02080618573973203,29,-0.09821995549180304,8.131164095648246e-05,0
0.9713182735725582,1.0326867570253702,1.0005241243079994,0.010850538690128725,0.9995810960350708,0.9854530185945305,0.9929212169377755,1.0086558466960795,1.0142379512923547,0.06527263105792475,-0.30354791639682954,0.061368483452811984,1.0631806124959386,0.02826282246251266,33,-0.10940805578917302,0.00011773418986598038,0
0.9780382632934634,1.0331937127651993,0.9998027540418144,0.010286940154776766,0.9991593358591631,0.9865423340138318,0.9932069232841505,1.0060874339966064,1.0133257645416678,0.3691733630629487,0.04979626133352966,0.055155449471735896,1.0563939587455449,0.021121072565699617,37,0.03812302179639981,0.00010582113774795862,0
0.9670952666011708,1.0257277800587485,0.9992643320898676,0.009850516965516646,0.9993810541164811,0.9875819265654525,0.992724786501012,1.0056801195376812,1.011113431144485,0.03264879522698039,0.39151629906867,0.058632513457577695,1.060627443316562,0.032285787515310305,30,-0.08174075527659612,9.703268448793128e-05,0
0.9693263211143334,1.0221487719731674,0.9996406908227828,0.00949983001921971,0.9991925605345963,0.9885033491175735,0.9941487459179742,1.0066160457639617,1.0113169756300446,-0.330209303624611,0.35614713892263916,0.05282245085883408,1.0544939817564323,0.029866239420262897,26,0.06239144347423684,9.024677039406796e-05,0
0.975713780304535,1.0324042977673293,1.000469485018967,0.010923463313576673,1.0009259062607971,0.9856194369522977,0.9928419431627826,1.007499300401947,1.0146504203823516,-0.02119279422862634,-0.20043758387550614,0.0566905174627943,1.058101585328743,0.0252121259562621,34,0.029075232672832765,0.00011932205076305547,0
0.9706989794664374,1.0282267272906411,0.99943464903113,0.010317094783595781,0.9996295490321432,0.9863463798205443,0.993157630311427,1.0058525030329883,1.0126671171852917,-0.05591792414855601,-0.050504078367755056,0.05752774782420378,1.0592642508554249,0.028930569565705833,32,-0.0064779939513705965,0.00010644244477369926,0
0.9725053730791443,1.0353681412689495,1.0012703554078366,0.010727089428783481,1.0002693075803242,0.9886349772310337,0.9940083860745905,1.0094052014878516,1.0151466787532262,0.1860800664061505,0.05657314752063325,0.06286276818980518,1.0646400214641172,0.027763934501179865,32,-0.07702890417419186,0.00011507044761311832,0
0.9676042575480903,1.024061799829916,0.9998745816447584,0.010152049938619068,1.000853432838578,0.987009734327422,0.9929008507146192,1.0064534255484803,1.0125190248708975,-0.22232368469929517,0.11433374013122721,0.056457542281825646,1.0583477613305352,0.033249175290487765,30,-0.07537071478779855,0.00010306411795621541,0
0.9721565238552404,1.032927322612522,0.999301261439941,0.009950353399976766,0.9989369183460843,0.987088675635035,0.9922735466582842,1.0068506770707681,1.011174444334484,0.032879500646997906,0.037341452153674126,0.06077079875728153,1.0625113315253858,0.026780394490843906,29,-0.02571340087192188,9.900953278442919e-05,0
0.9695941387905472,1.0242106882068993,0.9997161938931307,0.010320069805323464,0.9999069883147048,0.985781546195116,0.9935181534576596,1.0070264998232703,1.0131127982780246,-0.13600105507362428,-0.06487237180889904,0.05461654941635208,1.0563292899898091,0.03031284952415758,30,-0.01004996126772102,0.00010650384078674907,0
0.9706634524856133,1.0299224689113606,1.0001014885802304,0.010255330167859737,1.0009864288966164,0.9863813210201439,0.9938716555066144,1.0063786450713454,1.0128454893331489,-0.1091630057313904,0.26715495539961776,0.05925901642574738,1.0610500130338694,0.030322976411003122,29,0.05379912648336082,0.000105171796851814,0
0.9678632696015209,1.0312502955621272,0.9999286563419565,0.010087483435210525,1.0007856898064138,0.9870059388934294,0.9934219063258809,1.0063896368163932,1.0126664740679354,-0.09426955998020158,0.2704804457063128,0.0633870259606063,1.0654917155671206,0.03292242020489289,30,-0.014815655564937904,0.00010175732205564673,0
0.9647127539999706,1.0269999858298844,1.0006329564973298,0.011240831510323087,1.0007381996971367,0.9859920408526542,0.994168897135025,1.0071017569097114,1.0158608099251911,-0.16479635272111798,0.33704005444031715,0.0622872318299138,1.0645655730906982,0.03602544569716615,28,-0.02439582258457246,0.0001263562930434724,0
0.9758346505460389,1.0273656310189712,1.0012010689842918,0.00944125291044779,1.0011490795002607,0.9901984470569102,0.994537427653523,1.007133289667197,1.0129278910343056,0.1746537503313149,-0.10102083394602923,0.05153098047293225,1.0528070820646689,0.025314428954221757,29,0.005166648448682222,8.913725651903886e-05,0
0.9726015293510191,1.0229778050383238,0.9992889811089094,0.00948216080147646,0.9996044868590604,0.9870489547369851,0.9928640804288862,1.0056893588513804,1.0115615313990924,-0.14043070201981905,-0.22201353628165865,0.05037627568730474,1.0517953901644788,0.02700295750804138,33,0.06292462593012009,8.99113734650567e-05,0
0.9760824941894433,1.0311867921172038,0.9997144960272654,0.009852502402951522,0.9991894490540212,0.9872857402142916,0.9930017574649715,1.0066323647309232,1.012211200297195,0.33085421770072715,0.1906973189512331,0.055104297927760504,1.0564545499543254,0.023106954864577922,29,0.027899184273843552,9.707180360016553e-05,0
0.9649633795922558,1.0255480330560236,0.9991258430158473,0.010446925775762003,0.9988021709166872,0.9867188691470496,0.9919798408109979,1.0059891568709958,1.01295902488165,-0.005245913048121883,0.017445355879445845,0.060584653463767846,1.0627844068956978,0.03383879132443146,33,-0.07008100681484354,0.0001091382581642805,0
0.9745497171382015,1.037739127120268,1.0020786441036693,0.00980389131152225,1.0024722777900936,0.9895032818840307,0.9954403238907749,1.0082196229964941,1.0130018652639379,0.09872856747368802,0.41280107894350193,0.06318940998206657,1.0648395960419796,0.027922560651892137,39,-0.03550180034086372,9.611628484814144e-05,0
0.9717262067980316,1.029955043913576,0.9998090136095081,0.010797768180936381,0.9995880858979506,0.9871521082747559,0.9930200091378029,1.0067542550954112,1.0134845804576806,0.04529973671806479,0.09660081569821921,0.058228837115544496,1.0599230901751804,0.027861879099918996,30,0.10191706229387922,0.00011659179768924218,0
0.9729733182390053,1.0317145167712825,1.0003814271360862,0.00945571295040817,0.9995818113653928,0.9891924448462571,0.9945813279578751,1.0062581532542887,1.0117202680799833,0.41356035821771686,0.774264697990509,0.058741198532277106,1.0603728770677838,0.026608493126387467,28,-0.06092933418809931,8.941050740051677e-05,0
0.9698600299855056,1.0296082722790163,0.999368179752474,0.010687081544370978,0.999796059874112,0.9859844505828126,0.9921972695393839,1.0062194206934372,1.0139962257247872,0.06379157447496032,0.06523450528215369,0.05974824229351072,1.061605015616948,0.02993602988860644,32,-0.1031754633386879,0.00011421371193603476,0
0.9736305217669977,1.0246980646286958,0.9998583308949179,0.010360146794872755,1.0009177230285258,0.9858507889307916,0.9931513373782124,1.0061253813576376,1.0147491551678196,-0.14140898842751196,-0.43597063024412597,0.05106754286169812,1.052450638840921,0.02728720126152806,35,-0.014529860115717651,0.00010733264161131222,0
0.9739262882909381,1.024810319164995,0.9999775842821321,0.009656875687841732,0.99980213531758,0.9877650979051653,0.9938061106521137,1.005983106139353,1.0126914269490523,-0.110622257689286,0.067997819277267,0.05088403087405702,1.052246285458984,0.02587584702664192,29,-0.03092783160128603,9.325524805042871e-05,0
0.9708586009500856,1.0301892768290626,1.0005736750817178,0.009776026922470248,1.0016925061503366,0.9878301415387019,0.9936279828723241,1.0064733121193725,1.0121118939313285,0.06186389185575973,0.18416252733133076,0.059330675878977,1.0611115520024397,0.030833905200250977,34,-0.11002535387098603,9.55707023888631e-05,0
0.97594148945555,1.0338410998518532,0.9997195461826067,0.009267091345824013,1.0003304137792721,0.9875356860849226,0.9935756668413278,1.005647769747788,1.0105330721312813,0.029244164788739684,0.25380968014014016,0.0578996103963032,1.0593269279171682,0.024388924323722083,37,0.013975885347153284,8.587898201184632e-05,0
0.9739128047032343,1.0256868324330688,1.00009213446507,0.010114459588742504,1.0005825921532177,0.9865339837869794,0.9938719161966785,1.0064964425273977,1.0132037436462522,-0.17243129952332623,-0.1728265148070003,0.051774027729834526,1.0531608450775127,0.026669787449983384,32,0.054923376447780954,0.00010230229277230516,0
0.9724342901090055,1.0350449222134401,0.9993912385614334,0.011150057156198953,0.9996309727996097,0.9853374238152285,0.9920865599113655,1.006625235555537,1.0142329429238301,0.04889942630735281,-0.029687587248922398,0.06261063210443463,1.0643854631014875,0.027196682690604157,28,-0.022555946726069007,0.00012432377458650347,0
0.9744218355238979,1.0230145629260545,0.9994594472930199,0.009833961614647899,0.9995181140893215,0.9869964017653123,0.9927337645762503,1.0063850316605958,1.0116074095865022,-0.0071538643776699355,-0.30684042254659927,0.04859272740215659,1.0498682661149836,0.025096278565423513,36,0.010746045287693294,9.670680103836832e-05,0
0.9710872313255733,1.0352262403559578,1.0000654494393983,0.010584150991070348,1.000589991062995,0.987092019400714,0.992777701227708,1.006135070655496,1.0138725652146063,0.009053966739770103,0.2767842711014721,0.0641390090303845,1.0660486586182707,0.02950275973742167,30,-0.01817576636766784,0.00011202425220177541,0
0.9794925203308678,1.0321362878235643,1.0006672233011276,0.009159606996240185,1.0002402376358213,0.989949983337185,0.9937804541791163,1.0066374614397051,1.0129467751750822,0.33987513047843176,0.1181110798144882,0.0526437674926965,1.0537459617097573,0.020747717304953506,35,-0.14792811681994056,8.389840032557213e-05,0
0.9737585888164078,1.026352263629099,0.9994446478154795,0.009912740727308404,0.9993573027213044,0.986908615735015,0.9919546817435434,1.0063678363394168,1.0114860530974632,0.06083235597519441,-0.010682158832561406,0.05259367481269117,1.0540109996632925,0.025598713904896653,29,0.08594610866913734,9.826242872683875e-05,0
0.9767326359077106,1.0317071238486495,1.0004653578119025,0.010842396924013674,0.9996350918762598,0.987083178054517,0.9935000409813537,1.0079763906357977,1.0145237999301715,0.2683899515386043,-0.11377156070869932,0.05497448794093884,1.0562840698876097,0.022902455968549118,32,-0.02996064399610662,0.00011755757105786118,0
0.9694216280518043,1.0345750673278877,0.998824421869078,0.010119543257850675,0.9988045036289833,0.9865412587417258,0.9924254640871764,1.005608157304143,1.0130009887550446,0.13290240337527803,0.38073853744259933,0.06515343927608341,1.0672085678622818,0.029382875577179002,33,-0.04873856078342062,0.00010240515574751106,0
0.9691895989355208,1.025589391494448,0.9995914871656275,0.010618593421695065,1.0005568783373424,0.9862442833685009,0.9924300338434526,1.0068222429011426,1.0130381746247497,-0.1649511627147409,-0.11727517563062273,0.05639979255892724,1.058192734033539,0.0313672794018216,34,-0.00047362929647536936,0.00011275452625526572,0
0.9671078785044986,1.0407433498034317,0.9996315561566032,0.010956186065149736,1.0003958210903274,0.9863384172265028,0.9930446124168415,1.006548459314035,1.0126910977230277,0.061546247394611966,0.7268225156083856,0.07363547129893311,1.076139873260882,0.03328794258582879,30,-0.11958099905064314,0.00012003801309418125,0
0.973676013141114,1.0239670984384048,0.9997784996903352,0.009587368067562614,0.9991498318452565,0.9878368340875892,0.9934660652056408,1.0058693086219206,1.0129088611005825,0.113762990951652,-0.2572037495859476,0.05029108529729087,1.0516507386631104,0.02547381870414256,31,-0.03201005357082135,9.19176264629193e-05,0
0.9674771743659568,1.0248997979929362,1.0003839378278876,0.009185833099860253,1.0008148739772902,0.9886921189464716,0.9937663701388494,1.0062743165456753,1.0126284673853854,-0.059382278124081596,0.15591006487661785,0.05742262362697936,1.059352949246179,0.03333769961133337,36,-0.035662650674481065,8.437952973848824e-05,0
0.9752010337809202,1.0244576565866985,1.0013861247499227,0.009348371803875296,1.0018058396771532,0.9890612855394187,0.9956374786982952,1.0079979599064957,1.012945013060897,-0.2272183627938226,0.029138599171144364,0.04925662280577836,1.0505091987185526,0.02660480589623304,31,0.03403124929001768,8.739205538349066e-05,0
0.969957830092752,1.0251866462494779,1.000269653720939,0.01012394285653079,1.0010957331900099,0.9871491874522669,0.9923345410057114,1.007350944930461,1.013130084602207,-0.045670231335694464,-0.4002960670373046,0.05522881615672581,1.0569393992638263,0.031137903097257835,37,-0.0006055711296174029,0.00010249421896230079,0
0.9688565129259255,1.0304923883604342,0.9998416844478752,0.010510005690074998,0.9999055010064127,0.9874264332175862,0.9927523661854534,1.0074629662198018,1.0132502786827513,0.05322639419516061,0.10927631096063184,0.06163587543450877,1.0636171348514445,0.031048988080487283,25,0.010528979141680633,0.00011046021960540885,0
0.9688882434343896,1.0253176728110038,0.9995518291120612,0.01034773599712349,0.9999512998423572,0.9868085075165869,0.9919328620730464,1.0071856520623554,1.0121471421332717,-0.1188673107059691,-0.21096509551510145,0.056429429376614215,1.058241422330186,0.031063056407967582,35,-0.06003735143683628,0.00010707564026616528,0
0.9741662395885285,1.0302759082534383,1.000300093077083,0.010083820021712847,1.0007288794180353,0.987846847317722,0.9940996159154332,1.0064652328847485,1.012634645642523,-0.06298695633375988,0.14219472269640665,0.05610966866490974,1.0575976320926597,0.026562639829506796,30,-0.00042744577538031533,0.00010168342623029687,0
0.9785984983689255,1.026612430632742,1.0006148292737875,0.010234111364906826,1.0004541991054068,0.987095516356333,0.992645837682405,1.007690271583538,1.0144151855833008,0.08283231350109399,-0.5717938943645886,0.04801393226381645,1.049063975004911,0.021855700736481243,37,-0.02380669391779776,0.00010473703542931506,0
0.9805419461231609,1.027989219664406,1.0006262487523225,0.009809971501991031,1.0005247724695616,0.9885198514181944,0.9935186351890827,1.0064074416201367,1.013055616439965,0.329036641145729,-0.07352014284800168,0.047447273541245116,1.0483888259230936,0.019982826346400695,32,-0.03512675897473416,9.623554086987618e-05,0
0.973327757459523,1.0255511421598695,0.999986238302869,0.010007721030134809,1.0004617097606676,0.9875064570485645,0.9930778048347664,1.0067526470844754,1.012697447226618,-0.06830172354955516,-0.14499583032640473,0.05222338470034649,1.0536544697303758,0.02713395230114457,35,-0.004300125636032993,0.00010015448021700252,0
0.9643723017893564,1.0257104987765264,0.9999358492872206,0.009811677344357672,0.9997867953873778,0.9873194678703228,0.9942447088464598,1.0063046025781697,1.010282536986178,-0.07588327914529433,0.5739828598316126,0.061338196987170024,1.0636042707503723,0.0354144935980214,32,-0.11039372566627474,9.626901230978161e-05,0
0.9638340738807578,1.031208240918555,1.0011446309062664,0.010810442778138933,1.000218229734046,0.98885773443626,0.9934794739079401,1.0079101321366566,1.0151958715068932,0.2023179906221923,0.4383169864142378,0.0673741670377972,1.0699022465210464,0.03638415585328825,29,-0.11046715714341947,0.00011686567305941621,0
0.9772916738589821,1.0385899852067015,1.0002781029127887,0.009196650560884189,0.9998767932038864,0.9890339494842209,0.9944310213254057,1.00545120910912,1.0113510953617233,0.5131740138650634,1.3805375542373994,0.06129831134771946,1.0627226374554835,0.02258511934490437,29,0.04094972875173754,8.457838153901147e-05,0
0.969436239839011,1.0317757595394959,1.0001599883302743,0.01038174757989603,1.0011176198886624,0.9870778023650827,0.9927267237847098,1.0069872224553353,1.0123531217222295,-0.24466821676157122,0.2480984530916266,0.0623395197004849,1.0643049198478873,0.031681380049651486,34,0.02715298563413467,0.00010778068281267709,0
0.9750292970081089,1.0286272337143672,0.9996820231033208,0.010114875296983563,0.9986602152864261,0.987887612578723,0.9929228296788881,1.0053626192259946,1.0134940544415616,0.22113315043223675,0.05742006265316135,0.05359793670625823,1.0549705910075977,0.023630918278317203,29,0.11805329526302177,0.00010231070227352833,0
0.9704047377665715,1.0334446729016047,1.0007990692269138,0.010506383703702866,1.002124758968605,0.9857664344039531,0.9937047028490259,1.0082265231861367,1.0124884443282798,-0.18479154263375663,-0.0864836421414501,0.06303993513503314,1.0649625178872502,0.031720021202033544,35,-0.04250352058556388,0.00011038409852943314,0
0.9778963152920881,1.0256152706088142,0.9990887725056524,0.009289233489501994,0.9979840078418181,0.9882509985050503,0.9918599384214797,1.0057356953452612,1.0121509908594266,0.3211894579205034,-0.36540528488670576,0.0477189553167261,1.0487975612245486,0.020087692549729974,33,0.051460968112070196,8.628985882248539e-05,0
0.9666630863128096,1.0273467649959565,1.0003097137176316,0.010325187290429244,1.0007302230917454,0.9885294463769415,0.9935256211912483,1.006798028662303,1.012821391677533,-0.10159356647716301,0.38656547892196924,0.060683678683146836,1.0627764518397156,0.0340671367789358,28,-0.01444271113101366,0.00010660949258244159,0
0.973909453393204,1.0297712725958441,0.9992854432514655,0.009603208257928146,0.9998751727141841,0.9871280528986041,0.9934616971576731,1.0048273272053367,1.0102690881561516,-0.04517959992917344,0.15902712301777955,0.055861819202640106,1.057358329368312,0.02596571932098013,32,-0.03534354144066543,9.222160884513934e-05,0
0.9724117781421641,1.025730866914871,0.9999582465795401,0.010423615649617345,1.0004301144983279,0.98611945925324,0.9932073311550017,1.0070102953611653,1.012987941485941,-0.1630505971695937,-0.46552053392601866,0.05331908877270697,1.0548318006540145,0.028018336356163798,36,-0.09134427432107377,0.00010865176321094762,0
0.9705235141772278,1.0339469763201647,1.0005738950184426,0.010426252951144476,1.0005530075738958,0.9877322190091102,0.9940318473577199,1.0070848580300624,1.0144075537948756,-0.03391708888658975,0.18176585797788158,0.06342346214293693,1.0653497429134469,0.03002949339666794,30,-0.008170530075210894,0.00010870675060124889,0
0.9748831403687441,1.0307274710216803,1.0008013327568095,0.010642896534250181,1.0006953987978444,0.9867571899306181,0.9939386495815274,1.0071659954518792,1.0144216182858823,0.17726795208374993,-0.07483351686373974,0.05584433065293615,1.0572831022924587,0.025812258429100288,33,0.1065503869927699,0.00011327124663875452,0
0.9680678264917824,1.0272921839311313,1.0006005722682252,0.010303773905710016,1.0017738169546164,0.9874819126428508,0.9935866373678871,1.0081262492787992,1.013297088419662,-0.3947748922773893,0.20613029002251482,0.05922435743934895,1.061177900781988,0.03370599046283407,29,0.018090441182052816,0.00010616775669999065,0
0.9676439096963758,1.025069301877451,0.999739503905467,0.010132062146671077,0.9994304761226015,0.9876174866148338,0.9934116212232437,1.0057472509421779,1.0122707691533739,0.002418644669611936,0.4014337084534776,0.05742539218107523,1.059345583231226,0.03178656642622568,28,-0.005987712779850503,0.00010265868334400491,0
0.9704397911266044,1.0250388559376833,1.000633398727513,0.010109508163904683,1.0009931431856232,0.9872439124934997,0.9940636475753455,1.0070402268725145,1.0133560314011496,-0.11745779426718479,0.08489233118790462,0.0545990648110789,1.0562621868046997,0.030553352059018768,34,0.0013197120487421288,0.00010220215531605544,0
0.9790665600285267,1.0315552058054,0.9994616017706224,0.009896035147144149,0.9987605942801412,0.9863732355850274,0.9920223579734712,1.0059017585204788,1.012359526856642,0.2584911206499629,-0.1910878092033239,0.0524886457768734,1.053610906469264,0.019694034251614534,35,-0.10140790800455227,9.793151163351231e-05,0
0.9817593969224729,1.0221234562070747,1.0004188861924257,0.008963987834555256,1.0009483183613703,0.9880376368114576,0.9936683214622373,1.006093836706263,1.0115453445446727,0.09374163399922644,-0.48422240235241487,0.04036405928460174,1.041114003503436,0.01918892143889739,37,-0.135568398716452,8.035307789805462e-05,0
0.9738735056399566,1.0258725807157514,0.9991147441113136,0.010254379381450173,0.9986530398242258,0.9868531900058015,0.9927512167850786,1.0053350740269082,1.013206060621419,0.043885829989625785,-0.22448905392146523,0.05199907507579482,1.053394075077158,0.02477953418426926,29,-0.00511421493609099,0.00010515229649871043,0
0.9708955365582541,1.0204813545187739,0.9996815763494069,0.009516676204340957,0.9995408520318287,0.9877716951636314,0.9925395053071382,1.006750714353909,1.0119531484048183,-0.05363591953787005,-0.4100167563554944,0.04958581796051975,1.0510722483453756,0.02864531547357463,32,-0.025393149762488958,9.056712597826942e-05,0
0.9737562890721528,1.0323860830000315,1.0011130992181512,0.010274370865877824,1.0000815279882707,0.9889961179990701,0.9937613498851364,1.0083650239925466,1.0135575108890815,0.31068014272498184,0.23939849308555816,0.058629793927878704,1.0602099258159805,0.02632523891611782,29,-0.11302191001478192,0.00010556269668959901,0
0.9738253322955266,1.0240746514468926,1.0000187221625374,0.009092568081702793,0.9999153359407165,0.9891496968126098,0.9935914118223057,1.0064183039191263,1.011247688195935,0.12254858063436111,-0.11111672132655803,0.05024931915136599,1.0515999301773318,0.026090003645189874,33,0.0019909326562765565,8.267479432040042e-05,0
0.9698530495951705,1.0268652456786111,0.9991567052041009,0.009488313174862897,0.998565038926544,0.9872959872690189,0.9927071967862445,1.0046463768885188,1.0118576937687465,0.17572804800630612,0.11167529875835669,0.05701219608344066,1.0587843654327203,0.028711989331373533,30,-0.040088797446088995,9.002808690427681e-05,0
0.974192277079792,1.0308522754921474,1.0014836234036615,0.009696348046953875,1.001357304256579,0.989011779065376,0.9953819438654874,1.0079027794174285,1.0130476417763632,-0.07418433966307877,0.37929556619849203,0.05665999841235547,1.0581610014218115,0.02716502717678715,30,-0.045577354807058636,9.401916544766624e-05,0
0.9688792000582892,1.0302453414044987,0.9988696701273292,0.009930595773176853,0.9994400686684977,0.9847328708751052,0.9927562321582091,1.0051324914084525,1.009723823971911,-0.21707354814251478,0.3259618544807057,0.061366141346209546,1.0633372471434186,0.030560868610208458,31,-0.06194882729067327,9.861673241023796e-05,0
0.9787012692763752,1.0269219284329425,1.0006076345541617,0.009803572378807782,1.000018706116471,0.9876716324889324,0.9941262457539458,1.0081751473444598,1.0124962509082585,0.03383896277020886,-0.5086625050134916,0.04822065915656726,1.0492700486556232,0.021317436840095683,38,0.0892838855474027,9.611003138652287e-05,0
0.9708023229180053,1.0295144355384096,0.9999671274780514,0.010287267791888618,1.0003808188994647,0.9873559283142626,0.9923279946563835,1.0072979883949063,1.0125607572754114,0.025275485669992673,-0.2060419264304243,0.05871211262040432,1.0604779276216907,0.02957849598145945,32,0.06875371867843022,0.00010582787862202893,0
0.9737220823472503,1.0232401717499464,1.0004934096614135,0.009790756653357538,1.001014606285894,0.9873675262722013,0.9932439685445613,1.007695815189131,1.0121839874579552,-0.11321660558982456,-0.37658812954245535,0.049518089402696086,1.050854438140427,0.027292523938643676,35,0.18992188188571818,9.585891584526489e-05,0
0.9747974489714608,1.031981765182178,0.9998640402662298,0.009954561949907553,0.998820346424353,0.9889355325791798,0.9934435539344588,1.0065526009088723,1.0123918565658998,0.2779244985608152,0.3501740720176896,0.05718431621071729,1.0586627676047513,0.02402289745289221,30,0.1250997816249509,9.909330361454725e-05,0
0.9706948116895214,1.029469152979019,1.0000851354169398,0.010096217677257359,0.9998959745435292,0.9863153511724746,0.9937331838077468,1.0065369358802911,1.0129357835781927,-0.09078489032674322,-0.02396701968846182,0.058774341289497545,1.0605487333214434,0.029201162854007756,33,0.03370681660625113,0.00010193361138656396,0
0.9689612092921589,1.0244423193296723,0.9989896848249172,0.010193860159223734,0.9991826377290167,0.9851950786186976,0.9909833704612108,1.0060663313012193,1.0119538381181052,0.020378330447985083,-0.3041148047682518,0.05548111003751344,1.0572583396584505,0.030221428436857822,30,0.01339529168980657,0.00010391478494580892,0
0.9699611444636072,1.0280322671674371,0.9997212969336868,0.00946634845693985,0.9997781659863543,0.98867264057395,0.9931682077027971,1.0053660770649138,1.0116375192124059,0.05242942733664961,0.49326449533903904,0.05807112270382997,1.059869535017244,0.029817021522747122,35,-0.03446877013717998,8.961175310820749e-05,0
0.9677324545002163,1.0269779051113936,0.9992613830376473,0.009841098709044939,0.9993831199390125,0.9875081697269581,0.9919170195395172,1.0068833043611318,1.011250926921369,-0.08159837222201262,-0.08496322249983379,0.059245450611177364,1.061220898747035,0.031650665438796244,33,0.09217903305249826,9.684722380116597e-05,0
0.9744857566620435,1.0257658100233662,0.9999120302263108,0.010216264301829422,1.0011363309884347,0.9867574377005606,0.9931284367299078,1.0059132993611446,1.0132910003224562,-0.020494361422587013,-0.21588796013800238,0.051280053361322686,1.0526226812559836,0.026650574326391174,33,0.012810039469011379,0.0001043720562848342,0
